,pubchem_cid,helm_notation
0,,
1,5017692,
2,137977202,
3,24763223,
4,5311026,"PEPTIDE1{C.F.F.[dW].K.T.F.C.[am]}$PEPTIDE1,PEPTIDE1,1:R3-8:R3$$$"
5,136078744,
6,6603931,
7,5311425,
8,53233899,
9,3972752,PEPTIDE1{[CC(c1ccc(cc1)P(=O)(O)O)(C(=O)O)N]}$$$$
10,4922,
11,44300749,PEPTIDE1{V.P.L.P.A.G.G.G.T.V.L.T.K.M.Y.P.R.G.N.H.W.A.V.G.H.L.M.[am]}$$$$
12,10052040,
13,20169956,
14,124087,
15,25025860,
16,135439060,
17,11772954,
18,135349311,
19,9937291,
20,132990929,
21,9990429,
22,25077993,
23,155817498,PEPTIDE1{K.A.Q.L.R.R.L.S}$$$$
24,473141,
25,44186581,
26,71739,
27,54582152,
28,5736,
29,24776341,
30,71751402,
31,4319354,
32,94180,
33,10832988,
34,155817431,PEPTIDE1{A.F.R.E.R.A.R.L.L.A.A.L.E.R.R.H.W.L.N.S.Y.M.H.K.L.L.V.L.D.A.P}$$$$
35,11167850,
36,6918331,
37,57340639,
38,10098735,
39,44559101,
40,2435,
41,132837,
42,16130451,PEPTIDE1{L.V.Q.P.R.G.P.R.S.G.P.G.P.W.Q.G.G.R.R.K.F.R.R.Q.R.P.R.L.S.H.K.G.P.M.P.F}$$$$
43,137321154,
44,10223146,
45,9821498,
46,86280676,
47,57328392,
48,5950,PEPTIDE1{A}$$$$
49,16049828,
50,67116280,
51,91827340,
52,11994011,
53,53380924,
54,16686147,
55,86296048,
56,122187,
57,5748434,
58,73755169,
59,5311018,
60,11462174,
61,155817495,PEPTIDE1{I.S.R.L.A.G.L.L.R.K.G.G.E.K.I.G.E.K.L.K.K.I.G.Q.K.I.K.N.F.F.Q.K.L.V.P.Q.P.E}$$$$
62,10066813,
63,196416,
64,101134421,
65,42633508,
66,49869062,
67,10350027,
68,156419,
69,4748,
70,6918854,
71,53324620,
72,9916412,
73,16067787,
74,25077992,"PEPTIDE1{Y.G.G.F.L.R.R.I.R.P.K.L.(K,[dK])}$$$$V2.0"
75,11248240,
76,16133798,"PEPTIDE1{[dF].H.L.L.R.E.V.L.E.[Nle].A.R.A.E.Q.L.A.Q.E.A.H.K.N.R.K.L.[Nle].E.I.I.[am]}$PEPTIDE1,PEPTIDE1,19:R3-22:R3$$$"
77,9846078,
78,5311225,
79,16118537,
80,443295,PEPTIDE1{[*C(=O)[C@H](CCSC)NC=O |$_R2;;;;;;;;;;$|].L.F}$$$$
81,5283389,
82,59234231,
83,73755246,
84,155817424,PEPTIDE1{P.L.E.P.V.Y.P.G.D.N.A.T.P.E.Q.M.A.Q.Y.A.A.D.L.R.R.Y}$$$$
85,42396,
86,50287,
87,10413997,
88,134813886,PEPTIDE1{P.A.E.D.M.A.R.Y.Y.S.A.L.R.H.Y.I.N.L.I.T.R.Q.R.Y}$$$$
89,6438322,
90,10864183,
91,5689,
92,24820144,
93,13878025,
94,10354477,
95,59389630,
96,30843,
97,73755151,
98,5311228,
99,9913767,
100,4848,
101,4881,
102,73755170,
103,487,
104,169317,
105,5572,
106,23634171,
107,73755216,
108,73755001,
109,5281881,
110,11757797,
111,60195125,
112,69921479,
113,16116566,RNA1{[*P(=O)(O)OP(=O)(O)OP(=O)(O)O |$_R2;;;;;;;;;;;;|]R([*n1ccc(=O)[nH]c1=S |$_R1;;;;;;;;$|])}$$$$
114,71306,"PEPTIDE1{(F,[dF]).(C,[dC]).(Y,[dY]).(W,[dW]).(K,[dK]).(V,[dV]).(C,[dC]).(W,[dW]).[am]}$PEPTIDE1,PEPTIDE1,2:R3-7:R3$$$V2.0"
115,264,
116,101607591,PEPTIDE1{K.K.R.P.P.G.F.S.P.F.R}$$$$
117,10416728,
118,518962,
119,9987879,PEPTIDE1{R.P.L.K.P.W}$$$$
120,643497,
121,2719,
122,6509849,
123,5283468,
124,76853680,
125,2236,
126,5533,
127,16133822,PEPTIDE1{G.W.T.L.N.S.A.G.Y.L.L.G.P.H.A.I}$$$$
128,124147085,
129,3038506,
130,155817445,PEPTIDE1{G.W.T.L.N.S.A.G.Y.L.L.G.P.H.A.V.G.N.H.R.S.F.S.D.K.N.G.L.T.S}$$$$
131,124221648,
132,148197,
133,9821951,
134,155817493,PEPTIDE1{E.G.S.D.T.I.T.L.P.C.R.I.K.Q.F.I.N.M.W.Q.E}$$$$
135,155817443,PEPTIDE1{L.V.K.P.R.T.S.R.T.G.P.G.A.W.Q.G.G.R.R.K.F.R.R.Q.R.P.R.L.S.H.K.G.P.M.P.F}$$$$
136,4058,
137,131907,
138,184178,
139,5281037,
140,3914,
141,5311344,
142,46200989,
143,21488,
144,10331436,
145,9941444,
146,6483057,
147,10449757,
148,44437220,
149,66414,
150,10124389,PEPTIDE1{C.Y.F.Q.N.C.P.R.G.[am]}$$$$
151,155817381,PEPTIDE1{C.V.L.G.K.L.S.Q.E.L.H.K.L.Q.T.Y.P.R.T.N.T.G.S.G}$$$$
152,122150,
153,22991950,
154,73755220,
155,11539096,
156,23581869,
157,18437138,
158,4436,
159,163091,
160,25027363,
161,5311196,
162,133081959,
163,5311453,
164,6603904,
165,167993640,
166,59393720,
167,44430519,
168,16197316,"PEPTIDE1{R.R.W.C.Y.R.K.C.Y.K.G.Y.C.Y.R.K.C.R.[am]}$PEPTIDE1,PEPTIDE1,8:R3-13:R3|PEPTIDE1,PEPTIDE1,4:R3-17:R3$$$"
169,50922685,
170,657378,
171,92974,
172,11663047,
173,9816778,
174,5265,
175,25110406,
176,16131039,PEPTIDE1{M.L.T.K.F.E.T.K.S.A.R.V.K.G.L.S.F.H.P.K.R.P.W.I.L}$$$$
177,5018,
178,100978427,PEPTIDE1{I.S.R.P.P.G.F.S.P.F}$$$$
179,896,
180,15488,
181,9547172,
182,155817437,PEPTIDE1{[ac].H.[dF].D.A.V.F.T.N.S.Y.R.K.V.L.K.R.L.S.A.R.K.L.L.Q.D.I.L.[am]}$$$$
183,23653789,
184,71567,PEPTIDE1{[dF]}$$$$
185,193122,
186,5359272,
187,165412765,
188,3822,
189,73755020,
190,10058807,
191,6262,PEPTIDE1{[Orn]}$$$$
192,46833780,
193,5310991,
194,16133238,"PEPTIDE1{(H,[dH]).(S,[dS]).(D,[dD]).G.[*C(=O)C(C(C)CC)N* |$_R2;;;;;;;;;_R1$|].(F,[dF]).[*C(=O)C(C(C)O)N* |$_R2;;;;;;;;_R1$|].(D,[dD]).(S,[dS]).(Y,[dY]).(S,[dS]).(R,[dR]).(Y,[dY]).(R,[dR]).(K,[dK]).(Q,[dQ]).(M,[dM]).(A,[dA]).(V,[dV]).(K,[dK]).(K,[dK]).(Y,[dY]).(L,[dL]).(A,[dA]).(A,[dA]).(V,[dV]).(L,[dL]).[am]}$$$$V2.0"
195,46905036,
196,3081854,
197,9931891,
198,60151477,
199,122186,
200,10173280,
201,154733034,
202,73755206,
203,10391971,
204,46911068,
205,4345957,"PEPTIDE1{G.(N,[dN]).(L,[dL]).(W,[dW]).(A,[dA]).[*C(=O)C(C(C)O)N* |$_R2;;;;;;;;_R1$|].G.(H,[dH]).(F,[dF]).(M,[dM]).[am]}$$$$V2.0"
206,644073,
207,5311200,
208,177941,
209,6604889,
210,3758,
211,155817451,PEPTIDE1{H.S.D.G.T.F.T.S.D.L.S.K.Q.M.E.E.E.A.V.R.L.F.I.E.W.L.K.N.G.G.P.S.S.G.A.P.P.P.S}$$$$
212,6324645,PEPTIDE1{F.G.G.F.T.G.A.R.K.S.A.R.K.[am]}$$$$
213,73755198,
214,1110,
215,122192250,
216,9872609,
217,9821511,
218,59654860,
219,104895,
220,4908365,
221,2296132,
222,46869947,
223,164712,"PEPTIDE1{C.Y.F.Q.N.C.P.L.G.[am]}$PEPTIDE1,PEPTIDE1,1:R3-6:R3$$$"
224,52931518,
225,25191023,
226,2249,
227,4046,
228,1548992,
229,130431314,
230,10981286,
231,5311009,
232,46946406,
233,57468154,
234,91938092,
235,9832383,
236,138993662,
237,2107,
238,11753159,
239,168057,
240,443884,
241,11588811,
242,10938,
243,5311276,
244,9930376,
245,10032648,
246,11524454,
247,122130,
248,6439355,
249,5310993,
250,6603897,
251,155804574,
252,3081308,
253,16118119,
254,73754990,
255,688272,
256,5311243,
257,4141,
258,221071,
259,119353,
260,155817398,PEPTIDE1{H.S.Q.G.T.F.T.S.D.Y.S.K.Y.L.D.S.R.R.A.Q.D}$$$$
261,10668061,
262,12656,
263,9903,
264,442256,
265,11677589,
266,73755019,
267,135398633,RNA1{[*P(=O)(O)OP(=O)(O)OP(=O)(O)O |$_R2;;;;;;;;;;;;|]R(G)}$$$$
268,1318,
269,3153,
270,60262,
271,10345214,
272,44634573,
273,726455,
274,2994072,
275,10259168,
276,24939268,
277,73755013,
278,131906,
279,137321168,
280,145867030,"PEPTIDE1{[*C(=O)C(C(C)O)N |$_R2;;;;;;;$|].(L,[dL]).(Q,[dQ]).(P,[dP]).(P,[dP]).(A,[dA]).(S,[dS]).(S,[dS]).(R,[dR]).(R,[dR]).(R,[dR]).(H,[dH]).(F,[dF]).(H,[dH]).(H,[dH]).(A,[dA]).(L,[dL]).(P,[dP]).(P,[dP]).(A,[dA]).(R,[dR])}$$$$V2.0"
281,145998261,
282,3035449,PEPTIDE1{M.K.R.P.P.G.F.S.P.F.R}$$$$
283,155817389,PEPTIDE1{Y.S.I.A.M.D.K.I.R.Q.Q.D.F.V.N.W.L.L.A.Q.K}$$$$
284,11238212,
285,155817465,PEPTIDE1{W.T.L.N.S.A.G.Y.L.L.G.P.H.A.V.G.N.H.R.S.F.S.D.K.N.G.L.T}$$$$
286,3957,
287,53326807,
288,5587,
289,11519070,
290,44828492,
291,54343,
292,9860294,
293,62156,
294,107722,
295,10131112,
296,681,
297,155817416,PEPTIDE1{W.Y.K.H.V.A.S.P.R.Y.H.T.V.G.R.A.A.G.L.L.M.G.L}$$$$
298,5066134,
299,54746,
300,5281515,
301,5311320,PEPTIDE1{[*C(=O)[C@H](CCCNC(=N)N)NC(=O)OC(C)(C)C |$_R2;;;;;;;;;;;;;;;;;;$|].R.P.W.I.L}$$$$
302,5486546,
303,441294,
304,155817469,PEPTIDE1{C.G.H.H.F.V.R.A.L.V.R.V.C}$$$$
305,71519431,
306,6449854,
307,124221650,
308,73755038,
309,13499360,
310,4329947,
311,5311022,
312,60921,
313,3559,
314,5311258,
315,9794218,
316,27991,"PEPTIDE1{[*C(=O)CCS* |$_R2;;;;;;_R3$|].(Y,[dY]).(F,[dF]).(Q,[dQ]).(N,[dN]).(C,[dC]).(P,[dP]).(R,[dR]).G.[am]}$PEPTIDE1,PEPTIDE1,1:R3-6:R3$$$V2.0"
317,154733031,
318,10167713,
319,8629,
320,136218976,
321,9923127,
322,65937,
323,5280724,
324,45560410,
325,441296,
326,21779964,
327,72707143,
328,4172142,
329,46861584,
330,10141893,
331,135401232,
332,65889,
333,10354234,
334,44349321,
335,168433299,
336,16168172,PEPTIDE1{[Glp].G.P.W.L.E.E.E.E.E.A.[*C(=O)[C@H](Cc1ccc(cc1)OS(=O)(=O)O)N* |$_R2;;;;;;;;;;;;;;;;;_R1$|].G.W.M.D.F.[am]}$$$$
337,5615,
338,932,
339,154733029,
340,121349608,
341,9966051,
342,130310079,
343,9926882,
344,44595851,
345,5095,
346,6717,
347,1225,
348,2153,
349,73755226,
350,6176,RNA1{[*P(=O)(O)OP(=O)(O)OP(=O)(O)O |$_R2;;;;;;;;;;;;|]R(C)}$$$$
351,5311377,
352,25195091,
353,5311455,
354,5311429,
355,5311214,
356,50902259,
357,161309,
358,449744,
359,124333,
360,44156964,
361,188304,
362,66775043,
363,9571002,
364,135494270,
365,5284329,
366,73755253,
367,156615,
368,73755250,
369,5282106,
370,121430051,
371,9577995,
372,9853583,
373,56953333,
374,73755173,
375,71548412,
376,42611190,
377,73755200,
378,137553165,
379,4658,
380,5311299,
381,164946717,
382,135948915,
383,90656230,
384,137321161,
385,3961,
386,3903,"PEPTIDE1{(Y,[dY]).G.G.(F,[dF]).(L,[dL])}$$$$V2.0"
387,9846574,
388,89576,
389,174880,
390,3034034,
391,155817380,PEPTIDE1{K.R.P.P.G.F.S}$$$$
392,10806465,
393,3658,
394,133633,
395,6604858,
396,66553204,
397,35025716,
398,10506880,
399,133081961,
400,11697697,
401,54580880,
402,130662,PEPTIDE1{Y.[*C(=O)[C@@H](COC(C)(C)C)N* |$_R2;;;;;;;;;;;_R1$|].G.F.L.T}$$$$
403,118308152,
404,155817441,PEPTIDE1{H.A.D.G.S.F.S.D.E.M.S.T.I.L.D.N.L.A.T.R.D.F.I.N.W.L.I.Q.T.K.I.T.D}$$$$
405,213056,
406,46190877,
407,155817500,PEPTIDE1{F.L.G.Y.C.I.Y.L.N.R.K.R.R.G.D.P.A.F.K.R.R.L.R.D}$$$$
408,667467,
409,6604926,
410,9811493,
411,9870500,
412,46898088,
413,52952605,
414,5311123,
415,6324606,PEPTIDE1{G.N.L.W.A.T.G.H.F.M.[am]}$$$$
416,53344810,
417,9895468,
418,5311414,
419,4474,
420,976135,
421,10304110,
422,115111,
423,49835928,
424,105104,
425,9809077,
426,3408722,
427,16081932,
428,6913104,
429,25025505,
430,16131438,PEPTIDE1{M.A.P.R.G.F.S.C.L.L.L.L.T.S.E.I.D.L.P.V.K.R.R.A}$$$$
431,167993643,
432,53316847,
433,6918097,
434,56835991,
435,179394,PEPTIDE1{[C(CP(=O)(O)O)[C@@H](C(=O)O)N]}$$$$
436,11154555,
437,10430549,
438,5283068,
439,53318624,
440,11560568,
441,44404987,PEPTIDE1{M.T.L.I.G.A.A.H.N.G.S.A.Q.L.L.R.Q.L.R.G.Q.L.G.P.P.G.S.R.[am]}$$$$
442,9950038,
443,53235534,
444,4440,
445,71041983,
446,10425450,
447,239,PEPTIDE1{[Bal]}$$$$
448,44415771,RNA1{[*P(=O)(O)OP(=O)(O)O |$_R2;;;;;;;;|]R([*n1c(cc(=O)[nH]c1=O)I |$_R1;;;;;;;;;$|])}$$$$
449,101879981,
450,155817413,PEPTIDE1{F.R.V.D.E.E.F.Q.S.P.F.A.S.Q.S.R.G.Y.F.L.F.R.P.R.N.[am]}$$$$
451,5280445,
452,121231403,
453,5281888,
454,44208891,
455,164286,PEPTIDE1{[ac].L.D.Q.W.F.G.[am]}$$$$
456,5310984,
457,155817394,PEPTIDE1{H.A.D.G.S.F.S.D.E.M.N.T.I.L.D.N.L.A.T.R.D.F.I.N.W.L.I.Q.T.K.I.T.D}$$$$
458,9796408,
459,1792197,
460,155817482,PEPTIDE1{L.L.G.P.H.A.I.D.N.H.R.S.F.S.D.K.H.G.L.T}$$$$
461,9910902,
462,3964,
463,155817438,PEPTIDE1{H.S.D.A.V.F.T.D.N.Y.T.R.L.R.K.Q.V.A.A.K.K.Y.L.Q.S.I.K.N.K.R.Y}$$$$
464,5312150,
465,3008304,
466,86277839,
467,8223,
468,1103,
469,9894349,
470,25025654,
471,3893,
472,10323892,
473,7067728,
474,444843,
475,165437864,
476,4698,
477,10204153,
478,53320668,
479,162679533,
480,9948320,
481,119369,
482,108187,
483,5280879,
484,46215799,
485,44434752,
486,53320361,
487,107867,
488,24780598,
489,15993,RNA1{[*P(=O)(O)OP(=O)(O)OP(=O)(O)O |$_R2;;;;;;;;;;;;|][dR](A)}$$$$
490,16129679,"PEPTIDE1{(H,[dH]).(S,[dS]).(D,[dD]).(A,[dA]).(V,[dV]).(F,[dF]).[*C(=O)C(C(C)O)N* |$_R2;;;;;;;;_R1$|].(D,[dD]).(N,[dN]).(Y,[dY]).[*C(=O)C(C(C)O)N* |$_R2;;;;;;;;_R1$|].(R,[dR]).(L,[dL]).(R,[dR]).(K,[dK]).(Q,[dQ]).(M,[dM]).(A,[dA]).(V,[dV]).(K,[dK]).(K,[dK]).(Y,[dY]).(L,[dL]).(N,[dN]).(S,[dS]).[*C(=O)C(C(C)CC)N* |$_R2;;;;;;;;;_R1$|].(L,[dL]).(N,[dN])}$$$$V2.0"
491,171113,"PEPTIDE1{C.Y.F.V.N.C.P.[dR].G.[am]}$PEPTIDE1,PEPTIDE1,1:R3-6:R3$$$"
492,70702462,
493,11273179,
494,168433292,
495,10328936,PEPTIDE1{[Glp].P.S.K.D.A.F.I.G.L.M.[am]}$$$$
496,21023902,
497,10446295,
498,11545181,
499,73755015,
500,73755016,
501,5311334,
502,5283052,
503,9887812,
504,53323294,
505,59004159,
506,6603801,
507,15983171,
508,36573,
509,155817391,PEPTIDE1{D.L.S.K.Q.M.E.E.E.A.V.R.L.F.I.E.W.L.K.N.G.G.P.S.S.G.A.P.P.P.S}$$$$
510,1201549,
511,10382701,
512,9949202,
513,5311372,
514,66553168,
515,73755017,
516,3083542,
517,73755160,
518,3292447,
519,643606,
520,155817404,PEPTIDE1{R.S.M.L.G.R.V.Y.R.P.S.W}$$$$
521,9796720,
522,23786508,
523,9939572,
524,10494,
525,9843179,
526,5311387,
527,91827365,
528,122324,
529,46203026,
530,3055171,
531,164739,
532,71360,
533,11441554,
534,73211886,
535,25074887,PEPTIDE1{[ac].[*C(=O)[C@@H](Cc1ccc2ccccc2c1)N* |$_R2;;;;;;;;;;;;;;;;_R1$|].[*C(=O)[C@@H](Cc1ccc(cc1)Cl)N* |$_R2;;;;;;;;;;;;;_R1$|].[*C(=O)[C@@H](Cc1cccnc1)N* |$_R2;;;;;;;;;;;;_R1$|].S.Y.[*C(=O)[C@@H](CCCNC(=O)N)N* |$_R2;;;;;;;;;;;;_R1$|].L.R.P.[dA].[am]}$$$$
536,91827363,
537,101865250,PEPTIDE1{[ac].[Orn].R.[*C(=O)[C@@H]1C[C@@H]2CCCC[C@@H]2N1* |$_R2;;;;;;;;;;;;_R1$|].P.G.[*C(=O)[C@](C)(Cc1ccccc1)N* |$_R2;;;;;;;;;;;;;_R1$|].S.[*C(=O)[C@@H](Cc1ccc2ccccc2c1)N* |$_R2;;;;;;;;;;;;;;;;_R1$|].I}$$$$
538,5311120,
539,6603703,
540,2381,
541,9884746,
542,137553172,
543,24800108,
544,16136567,PEPTIDE1{F.V.P.I.F.T.Y.G.E.L.Q.R.M.Q.E.K.E.R.N.K.G.Q}$$$$
545,57267,
546,3661570,
547,4329839,"PEPTIDE1{(W,[dW]).(M,[dM]).(D,[dD]).(F,[dF]).[am]}$$$$V2.0"
548,5312119,
549,46911384,
550,378629,
551,45749,"PEPTIDE1{(D,[dD]).(V,[dV]).(P,[dP]).(K,[dK]).(S,[dS]).(D,[dD]).(Q,[dQ]).(F,[dF]).(V,[dV]).G.(L,[dL]).(M,[dM]).[am]}$$$$V2.0"
552,3084441,
553,73755021,
554,5312149,
555,9862166,
556,11005,
557,126961334,
558,4883,
559,122702529,
560,9927967,
561,60680,
562,71511839,"PEPTIDE1{[ac].[dC].[dA].[dR].[dR].[dR].[dA].[dR].[am]}|PEPTIDE2{C}$PEPTIDE1,PEPTIDE2,2:R3-1:R3$$$"
563,5311130,
564,10047612,
565,155817496,PEPTIDE1{M.L.W.R.R.K.I.G.P.Q.M.T.L.S.H.A.A.G}$$$$
566,9990388,
567,3715,
568,448222,
569,127043060,
570,117072559,
571,11340891,
572,5311503,
573,10389213,
574,6041,
575,10046145,
576,6438966,
577,145711714,
578,135413562,
579,1574,
580,6439089,
581,10238338,
582,11610526,
583,65080,
584,24965990,
585,5311023,
586,117951478,
587,9844711,
588,51003564,
589,9793868,
590,132706,
591,5115445,
592,73755188,
593,9804984,
594,57382073,
595,44335556,
596,25075991,PEPTIDE1{Y.G.G.F.L.R.R.Q.F.K.V.V.T}$$$$
597,219050,
598,44405630,
599,57523213,
600,159594,
601,23986047,
602,53318931,
603,73754998,
604,44564,
605,65999,
606,135409468,
607,44400349,
608,73977920,
609,133621,
610,216466,
611,1219,
612,73755199,
613,9958026,
614,125570,
615,73754992,
616,6436123,
617,5311190,
618,10220503,
619,108167,
620,83954,
621,65015,
622,216249,
623,9934870,
624,4927,
625,124663,
626,5218788,
627,10047169,
628,2736690,
629,108182,
630,5283038,
631,135497698,
632,68841,PEPTIDE1{[C([C@@H](C(=O)O)N)OP(=O)(O)O]}$$$$
633,128563,
634,25077405,PEPTIDE1{[Glp].H.W.S.Y.[*C(=O)[C@@H](Cc1ccc2ccccc2c1)N* |$_R2;;;;;;;;;;;;;;;;_R1$|].L.R.P.G.[am]}$$$$
635,53325462,
636,10048862,
637,10218379,
638,10257882,
639,44572147,
640,6918248,
641,11723,
642,3082475,PEPTIDE1{[Sar].R.V.Y.I.H.P.[dA]}$$$$
643,3086599,
644,5311417,
645,11292191,
646,11383075,
647,22003577,
648,5311312,PEPTIDE1{D.M.H.D.F.F.V.G.L.M.[am]}$$$$
649,5281544,
650,5311213,
651,11483496,
652,44573698,
653,16134956,"PEPTIDE1{H.A.E.G.T.F.T.S.D.V.S.S.Y.L.E.G.Q.A.A.K.E.F.I.A.W.L.V.R.G.R.G}|PEPTIDE2{[*C(=O)(CC[C@@H](C(=O)O)NC(=O)CCCCCCCCCCCCCCC)O |$_R3;;;;;;;;;;;;;;;;;;;;;;;;;;;$|]}$PEPTIDE1,PEPTIDE2,20:R3-1:R3$$$"
654,5311129,
655,90488758,"PEPTIDE1{[ac].D.L.S.[dF].H.[*C(=O)[C@@](C)(CC(C)C)N* |$_R2;;;;;;;;;;_R1$|].L.R.K.[Nle].I.E.I.E.K.Q.E.K.E.K.Q.Q.A.E.N.N.K.L.L.L.D.[*C(=O)[C@@](C)(CC(C)C)N* |$_R2;;;;;;;;;;_R1$|].I.[am]}$PEPTIDE1,PEPTIDE1,25:R3-28:R3$$$"
656,108046,
657,5311068,
658,132980,
659,5311469,"PEPTIDE1{[dD].[*C(=O)[C@H](CC(=O)N1CCC(CC1)c2ccccc2)N* |$_R2;;;;;;;;;;;;;;;;;;;;_R1$|].D.[*C(=O)[C@@H](c1cccs1)N* |$_R2;;;;;;;;;;_R1$|].L.[dW]}$PEPTIDE1,PEPTIDE1,6:R2-1:R1$$$"
660,16126783,
661,9859407,
662,132552,
663,114999,
664,59548652,
665,155817507,PEPTIDE1{S.V.D.Q.D.L.G.P.E.V.P.P.E.N.V.L.G.A.L.L.R.V}$$$$
666,6324595,
667,5311040,
668,10154248,
669,57522038,
670,5283159,
671,60166172,
672,9827317,
673,11536903,
674,10348973,
675,68649,"PEPTIDE1{C.Y.[*C(=O)C([C@@H](C)CC)N* |$_R2;;;;;;;;;_R1$|].Q.N.C.(P,[dP]).R.G.[am]}$PEPTIDE1,PEPTIDE1,1:R3-6:R3$$$V2.0"
676,73755247,
677,124003,PEPTIDE1{D.Y.[dW].V.[dW].[dW].K.[am]}$$$$
678,3343,
679,4934,
680,9803245,
681,86277841,
682,5311227,
683,5041,
684,7533,
685,522609,
686,71242808,
687,3467177,
688,736736,
689,6441676,
690,70692642,"PEPTIDE1{K.[dW].Y.P.F.T}$PEPTIDE1,PEPTIDE1,6:R2-1:R1$$$"
691,172198,PEPTIDE1{D.R.V.Y.I.H.P.F}$$$$
692,15010,
693,6437063,
694,174174,
695,11224758,
696,23634102,
697,9908595,
698,11508736,
699,54765113,
700,14840431,PEPTIDE1{Y.A.F.E.V.V.G.[am]}$$$$
701,46917559,
702,133076,
703,73755211,
704,10028436,
705,5372720,
706,9875516,
707,444539,
708,155817455,PEPTIDE1{C.G.N.L.S.T.C.M.L.G.T.Y.T.Q.D.F.N.K.F.H.T.F.P.Q.T.A.I.G.V.G.A.P.[am]}$$$$
709,73755159,
710,132337,
711,9804743,
712,6603865,
713,6322,PEPTIDE1{R}$$$$
714,167993647,
715,44126305,
716,1862,
717,16133243,"PEPTIDE1{G.(W,[dW]).[*C(=O)C(C(C)O)N* |$_R2;;;;;;;;_R1$|].(L,[dL]).(N,[dN]).(S,[dS]).(A,[dA]).G.(Y,[dY]).(L,[dL]).(L,[dL]).G.(P,[dP]).(H,[dH]).(A,[dA]).[*C(=O)C(C(C)CC)N* |$_R2;;;;;;;;;_R1$|].(D,[dD]).(N,[dN]).(H,[dH]).(R,[dR]).(S,[dS]).(F,[dF]).(S,[dS]).(D,[dD]).(K,[dK]).(H,[dH]).G.(L,[dL]).[*NC(C(C)O)C(=O)N |$_R1;;;;;;;;$|]}$$$$V2.0"
718,86281591,
719,91799237,
720,838,
721,6979053,
722,657181,
723,9808643,
724,449812,
725,9852253,
726,46836872,
727,108094,
728,3512637,
729,44398561,PEPTIDE1{W.W.W}$$$$
730,11245287,
731,135529391,
732,118197428,
733,122583088,
734,81326,
735,5319879,
736,135465785,
737,5358,
738,3345,
739,3082718,
740,10710647,
741,9915756,
742,55652,
743,135867898,
744,4296,
745,9968450,
746,11301185,
747,9804938,
748,16046248,
749,216235,
750,9294,
751,9829836,
752,32057519,
753,5310979,
754,6047,PEPTIDE1{[c1cc(c(cc1C[C@@H](C(=O)O)N)O)O]}$$$$
755,5369209,
756,30668,
757,11741361,
758,189762,
759,9841284,
760,10568125,
761,57704582,
762,43008,
763,16759169,
764,24775005,
765,4331799,
766,6140,PEPTIDE1{F}$$$$
767,16082712,RNA1{[*P(=O)(O)OP(=O)(O)O |$_R2;;;;;;;;|]R([*n1ccc(=O)[nH]c1=S |$_R1;;;;;;;;$|])}$$$$
768,3693566,
769,101930759,PEPTIDE1{F.V.P.I.F.T.Y.G.E.L.Q.R}$$$$
770,155817428,PEPTIDE1{A.V.S.E.H.Q.L.L.H.D.K.G.K.S.I.Q.D.L.R.R.R.F.F.L.H.H.L.I.A.E.I.H.T.A.E.I}$$$$
771,10104167,
772,139600926,"PEPTIDE1{D.L.L.P.P.R.T.P.P.Y.Q.V.H.I.S.H.R.E.A.R.G.P.S.F.R.I.C.V.D.F.L.G.P.R.W.A.R.G.C.S.T.G.N}$PEPTIDE1,PEPTIDE1,27:R3-39:R3$$$"
773,9826034,
774,45483813,
775,138393285,
776,169494480,
777,4917,
778,60842,
779,36920,
780,57340152,"PEPTIDE1{[*C(=O)C1CCC(=O)N1 |$_R2;;;;;;;;$|].[*C(=O)C(C(C)CC)N* |$_R2;;;;;;;;;_R1$|].(W,[dW]).(A,[dA]).[*C(=O)C(C(C)O)N* |$_R2;;;;;;;;_R1$|].G.(H,[dH]).(F,[dF]).(M,[dM]).[am]}$$$$V2.0"
781,5311108,
782,73755025,
783,71301,
784,11168182,
785,44457307,
786,23649325,
787,11496610,
788,5283097,
789,16061126,
790,3614,
791,6918140,
792,4629,
793,6436406,
794,9938840,
795,129786,
796,53394034,
797,189711,
798,31553,
799,155774,
800,441278,
801,5311016,
802,3157,
803,44259,
804,73755185,
805,5348723,
806,119343,PEPTIDE1{[dR].R.P.[Hyp].G.F.S.[dF].F.R}$$$$
807,15551229,
808,123683,
809,73755005,
810,5491702,
811,176407,
812,11961293,
813,3045225,
814,16130966,"PEPTIDE1{[ac].[*C(=O)C(Cc1ccc2ccccc2c1)N* |$_R2;;;;;;;;;;;;;;;;_R1$|].[*C(=O)[C@H](Cc1ccc(cc1)Cl)N* |$_R2;;;;;;;;;;;;;_R1$|].[*C(=O)[C@H](Cc1cccnc1)N* |$_R2;;;;;;;;;;;;_R1$|].[dS].[dY].[*C(=O)[C@@H](CCCCN=C(NCC)NCC)N* |$_R2;;;;;;;;;;;;;;;;;_R1$|].L.[*C(=O)[C@H](CCCCN=C(NCC)NCC)N* |$_R2;;;;;;;;;;;;;;;;;_R1$|].(P,[dP]).[dA].[am]}$$$$V2.0"
815,51529932,
816,5342,
817,5282280,
818,11151899,
819,9865843,
820,5281697,
821,44450494,
822,5280733,
823,137553171,
824,5310999,
825,54683103,
826,11384493,
827,5284373,"PEPTIDE1{[Abu].[Sar].[meL].V.[meL].A.[dA].[meL].[meL].[meV].[*C(=O)[C@H]([C@@H]([C@H](C)C/C=C/C)O)N(*)C |$_R2;;;;;;;;;;;;;_R1;$|]}$PEPTIDE1,PEPTIDE1,11:R2-1:R1$$$"
828,155817471,PEPTIDE1{A.V.S.E.I.Q.L.M.H.N.L.G.K.H.L.A.S.V.E.R.M.Q.W.L.R.K.K.L.Q.D.V.H.N.F}$$$$
829,5312153,
830,11607970,
831,2882,
832,58761009,
833,5311242,
834,5280363,
835,37459,
836,155817501,PEPTIDE1{C.C.L.S.G.C.T.Q.Q.D.L.L.T.L.C}$$$$
837,73755062,
838,25101223,
839,5311179,
840,155817410,PEPTIDE1{F.V.P.I.F.T.Y.G.E.L.Q.R.M.Q.E.K.E.R.N}$$$$
841,9750,PEPTIDE1{[Cit]}$$$$
842,9872515,
843,5280934,
844,3218,
845,9938990,
846,73755182,
847,6604042,
848,122077,
849,73755056,
850,168489,"PEPTIDE1{[*C(=O)C1CCC(=O)N1 |$_R2;;;;;;;;$|].N.P.(N,[dN]).R.F.I.G.L.M.[am]}$$$$V2.0"
851,3000322,
852,9840951,
853,10133,
854,71452040,
855,130482,
856,6917970,
857,123686,
858,91801202,
859,5311221,
860,3001055,
861,52943938,
862,3341,
863,441295,
864,91827348,
865,44134812,"PEPTIDE1{(Y,[dY]).(V,[dV]).(M,[dM]).G.(H,[dH]).(F,[dF]).(R,[dR]).(W,[dW]).(D,[dD]).(R,[dR]).(F,[dF]).G}$$$$V2.0"
866,9867828,
867,134813893,PEPTIDE1{Y.C.C.L.S.G.C.T.Q.Q.D.L.L.T.L.C.P.Y}$$$$
868,12560,
869,5280892,
870,123805,PEPTIDE1{D.R.V.Y.I.H.P}$$$$
871,631105,
872,7251185,
873,132991,PEPTIDE1{[*C(=O)[C@H](CC(C)C)NC(=O)N1CCCCCC1 |$_R2;;;;;;;;;;;;;;;;;$|].[*C(=O)[C@@H](Cc1cn(c2c1cccc2)C)N* |$_R2;;;;;;;;;;;;;;;;_R1$|].[dY]}$$$$
874,11488979,
875,60785,
876,44265059,PEPTIDE1{S.A.L.R.H.Y.I.N.L.I.T.R.Q.R.Y}$$$$
877,17950211,
878,46213069,
879,656665,
880,177836,
881,16130452,PEPTIDE1{K.F.R.R.Q.R.P.R.L.S.H.K.G.P.M.P.F}$$$$
882,155817436,PEPTIDE1{D.A.G.H.G.Q.I.S.H.K.R.H.K.T.D.S.F.V.G.L.M}$$$$
883,11647668,
884,11565290,
885,134813895,PEPTIDE1{S.A.L.A.N.K.C.C.H.V.G.C.T.K.R.S.L.A.R.A.C}$$$$
886,6918284,
887,104850,
888,145721979,
889,156588324,
890,121231398,
891,6917952,
892,33036,
893,23727689,
894,5312148,
895,138752609,
896,5311271,
897,5352127,
898,1809,
899,3372,
900,9926999,
901,6435286,
902,44126037,
903,72190270,
904,3086682,
905,5311093,
906,132990975,
907,135484064,
908,1329,
909,16133805,PEPTIDE1{Y.G.G.F.L.R.R.I.R.P.K.L.K.W.D.N.Q}$$$$
910,25108278,
911,2684,
912,100022,
913,46196414,
914,162679544,
915,25002940,
916,24750192,
917,10409562,
918,4029677,
919,5281610,
920,46226294,
921,5311226,
922,5284595,
923,5143,
924,11520239,
925,4545574,PEPTIDE1{[c1cc(ccc1C(C(=O)O)N)P(=O)(O)O]}$$$$
926,155817484,PEPTIDE1{G.W.T.L.N.S.A.G.Y.L.L.G.P.H.A.I.D.N.H.R.S.F.H.D.K.Y.G.L.A}$$$$
927,137553163,
928,9910224,
929,13493,
930,46872626,
931,64627,
932,133081958,
933,9893054,
934,5311230,
935,9865384,
936,16132172,"PEPTIDE1{D.A.G.H.G.Q.I.S.H.K.R.H.K.T.D.S.F.V.G.(L,[dL]).M.[am]}$$$$V2.0"
937,16132353,PEPTIDE1{Y.A.D.A.I.F.T.N.S.Y.R.K.V.L.G.Q.L.S.A.R.K.L.L.Q.D.I.M.S.R.Q.Q.G.E.S.N.Q.E.R.G.A.R.A.R.L.[am]}$$$$
938,155817406,PEPTIDE1{F.V.P.I.F.T.H.S.E.L.Q.K.I.R.E.K.E.R.N.K.G.Q}$$$$
939,119025665,
940,16212950,"PEPTIDE1{C.S.C.S.S.L.M.D.K.E.C.V.Y.F.C.H.L.D.I.I.W}$PEPTIDE1,PEPTIDE1,3:R3-11:R3|PEPTIDE1,PEPTIDE1,1:R3-15:R3$$$"
941,9928284,
942,3036289,
943,49848557,
944,10591800,
945,73755189,
946,16660135,
947,163925,
948,4057,
949,9823107,
950,6726,
951,6918515,
952,11960895,
953,5311232,
954,9938757,
955,155817425,PEPTIDE1{A.A.D.L.R.R.Y.I.N.M.L.T.R.P.R.Y}$$$$
956,442089,
957,51346799,
958,22133318,
959,117923261,
960,168654812,
961,4916,
962,10247549,
963,9829828,
964,5311304,
965,2790,
966,5757,
967,155491009,
968,145975294,
969,15512229,
970,56950369,
971,15376,
972,10894633,
973,11596613,
974,49871766,
975,4168,
976,91827339,
977,139030523,
978,10578170,
979,442292,
980,138670561,
981,3894573,
982,5311122,
983,16130961,"PEPTIDE1{K.(N,[dN]).F.F.W.K.[*C(=O)C([C@@H](C)O)N* |$_R2;;;;;;;;_R1$|].Y.[*C(=O)C([C@@H](C)O)N* |$_R2;;;;;;;;_R1$|].S.[Asu]}$PEPTIDE1,PEPTIDE1,1:R1-11:R3$$$V2.0"
984,162679545,
985,14487390,
986,91827354,
987,656725,
988,5820,
989,5610,
990,5280497,
991,5311432,
992,9867642,
993,11259583,
994,11316084,
995,16133819,PEPTIDE1{[*C(=O)[C@H](CC(=O)O)NC(=O)CCC(=O)O |$_R2;;;;;;;;;;;;;;;$|].E.E.A.V.Y.F.A.H.L.D.I.I.W}$$$$
996,44475955,
997,5011,
998,9887077,
999,91827346,
1000,115368,
1001,56835134,
1002,13547416,
1003,11711282,
1004,132059,
1005,9847194,
1006,6022,RNA1{[*P(=O)(O)OP(=O)(O)O |$_R2;;;;;;;;|]R(A)}$$$$
1007,2725,
1008,6918297,PEPTIDE1{H.[*C(=O)[C@@H](Cc1c([nH]c2c1cccc2)C)N* |$_R2;;;;;;;;;;;;;;;;_R1$|].A.W.[dF].K.[am]}$$$$
1009,137553161,
1010,72551298,
1011,11313837,
1012,73755070,
1013,137222229,
1014,145996528,
1015,16725048,
1016,1220,
1017,71460944,
1018,145946376,
1019,5311043,
1020,20549618,
1021,443289,"PEPTIDE1{[dD].P.[dV].L.[dW]}$PEPTIDE1,PEPTIDE1,5:R2-1:R1$$$"
1022,9854861,PEPTIDE1{F.L.F.Q.P.Q.R.F.[am]}$$$$
1023,44351001,PEPTIDE1{P.A.E.D.L.A.R.Y.Y.S.A.L.R.H.Y.I.N.L.I.T.R.Q.R.Y}$$$$
1024,17379334,
1025,9802941,
1026,56593482,
1027,135415867,
1028,16168801,PEPTIDE1{[Glp].Q.R.L.G.N.Q.W.A.V.G.H.L.L.[am]}$$$$
1029,1935,
1030,2801,
1031,159547,
1032,5310996,
1033,5951,PEPTIDE1{S}$$$$
1034,5361,
1035,60207864,
1036,158795,
1037,9825084,
1038,134813884,PEPTIDE1{Y.H.L.L.R.K.I.E.I.E.K.Q.E.K.E.K.Q.Q.A.A.N.N.R.L.L.L.D.T.I}$$$$
1039,6438358,
1040,73755161,
1041,53396299,"PEPTIDE1{(H,[dH]).G.(E,[dE]).G.[*C(=O)C(C(C)O)N* |$_R2;;;;;;;;_R1$|].(F,[dF]).[*C(=O)C(C(C)O)N* |$_R2;;;;;;;;_R1$|].(S,[dS]).(D,[dD]).(L,[dL]).(S,[dS]).(K,[dK]).(Q,[dQ]).(M,[dM]).(E,[dE]).(E,[dE]).(E,[dE]).(A,[dA]).(V,[dV]).(R,[dR]).(L,[dL]).(F,[dF]).[*C(=O)C(C(C)CC)N* |$_R2;;;;;;;;;_R1$|].(E,[dE]).(W,[dW]).(L,[dL]).(K,[dK]).(N,[dN]).G.G.(P,[dP]).(S,[dS]).(S,[dS]).G.(A,[dA]).(P,[dP]).(P,[dP]).(P,[dP]).(S,[dS]).[am]}$$$$V2.0"
1042,3081333,
1043,158348,
1044,9849313,
1045,11672774,
1046,57559562,
1047,145996520,
1048,23661671,
1049,1218,
1050,26612,
1051,5311080,PEPTIDE1{Y.P.W.F.[am]}$$$$
1052,15984632,
1053,951,
1054,2092,
1055,9870520,
1056,6450815,
1057,9821250,
1058,445580,
1059,197706,
1060,10398360,
1061,5280492,
1062,3034683,
1063,155817505,PEPTIDE1{E.G.T.F.I.S.D.Y.S.I.A.M.D.K.I.H.Q.Q.D.F.V.N.W.L.L.A.Q.K.G.K.K.N.D.W.K}$$$$
1064,1547484,
1065,490561,
1066,73755035,
1067,21700,
1068,44288922,PEPTIDE1{Y.P.S.K.P.D.N.P.G.E.D.A.P.A.E.D.M.A.R.Y.Y.S.A.L.R.H.Y.I.N.L.I.T.R.Q.R.Y.[am]}$$$$
1069,118694559,
1070,124846,
1071,5311277,
1072,10051843,
1073,91970993,PEPTIDE1{L.P.N.Y.N.W.N.S.F.G.L.R.F.[am]}$$$$
1074,134813881,PEPTIDE1{[Glp].G.P.P.I.S.I.D.L.S.L.E.L.L.R.K.M.I.E.I.E.K.Q.E.K.E.K.Q.Q.A.A.N.N.R.L.L.L.D.T.I.[am]}$$$$
1075,2769,
1076,540335,
1077,9839644,
1078,5311128,
1079,73754993,
1080,16071605,
1081,155817461,PEPTIDE1{Y.P.S.K.P.P.N.P.G.E.D.A.P.A.E.D.M.A.R.Y.Y.S.A.L.R.H.Y.I.N.L.I.T.R.Q.R.Y}$$$$
1082,3065,
1083,139344142,
1084,135529386,
1085,10587912,
1086,156333,
1087,108001,PEPTIDE1{[c1c(cc(cc1O)O)C(C(=O)O)N]}$$$$
1088,53312127,
1089,44410045,
1090,44560289,
1091,118984394,"PEPTIDE1{C.G.N.L.S.[*C(=O)C([C@@H](C)O)N* |$_R2;;;;;;;;_R1$|].C.M.L.G.T.Y.T.Q.D.F.N.K.F.H.T.F.P.Q.T.A.I.G.V.G.A.P.[am]}$PEPTIDE1,PEPTIDE1,1:R3-7:R3$$$"
1092,163839,
1093,44537841,
1094,59227,
1095,129320516,
1096,16131409,PEPTIDE1{G.W.T.L.N.S.A.G.Y.L.L.G.P.H.A}$$$$
1097,10174045,
1098,11462546,
1099,11250029,
1100,5574,
1101,5910,
1102,24794466,
1103,57422431,
1104,166176970,
1105,15599147,
1106,11477180,
1107,10810249,
1108,57330164,
1109,73755067,
1110,11978813,
1111,24737629,
1112,154699456,
1113,49765871,
1114,45257132,
1115,155817491,PEPTIDE1{M.Y.P.R.G.N.H.W.A.V.G.H.L.M}$$$$
1116,90309142,
1117,9837317,
1118,139593559,PEPTIDE1{[*C(=O)[C@@H](Cc1c(cc(cc1C)O)C)N |$_R2;;;;;;;;;;;;;;$|].V.[dV].[dF].[am]}$$$$
1119,9815618,
1120,5281707,
1121,10324989,
1122,176408,
1123,439260,
1124,11527661,
1125,9879103,
1126,25099817,
1127,91827351,
1128,155817403,PEPTIDE1{G.T.S.L.S.P.P.P.E}$$$$
1129,15984937,
1130,3052762,
1131,130881,
1132,185460,
1133,73755042,
1134,5280723,
1135,5486827,
1136,10296414,
1137,2405,
1138,135463043,
1139,164682,
1140,441422,
1141,60164925,
1142,155817400,PEPTIDE1{K.D.L.P.Y.Y.N.W.N.S.F.G.L.R.F}$$$$
1143,57345320,
1144,9884817,
1145,9696680,
1146,4847,
1147,5311301,
1148,9869934,
1149,2125,
1150,5074,
1151,134828250,"PEPTIDE1{C.R.P.R.L.C.H.K.G.P.M.P.F}$PEPTIDE1,PEPTIDE1,1:R3-6:R3$$$"
1152,5311437,
1153,53238181,
1154,9956189,
1155,9843120,
1156,5284594,
1157,90645598,
1158,2878,
1159,8969,
1160,439503,
1161,155817399,PEPTIDE1{H.S.D.G.T.F.T.S.E.L.S.R.L.R.D.S.A.R.L.Q.R.L.L.Q.G.L.V.[am]}$$$$
1162,46830123,
1163,11753673,
1164,44392752,
1165,5311350,
1166,5866327,
1167,54385,
1168,117977934,
1169,11417954,
1170,42519285,
1171,171037436,
1172,155817453,PEPTIDE1{D.M.H.D.F.F.[*C(=O)[C@H](Cc1ccc(cc1)C)N* |$_R2;;;;;;;;;;;;;_R1$|].G.L.M.[am]}$$$$
1173,5311457,
1174,44185871,
1175,439302,"PEPTIDE1{C.Y.I.Q.N.C.P.L.G.[am]}$PEPTIDE1,PEPTIDE1,1:R3-6:R3$$$"
1176,9916461,
1177,5283155,
1178,6089,
1179,3035905,
1180,3450,
1181,183790,
1182,11989776,
1183,140930129,
1184,1794,
1185,16108961,
1186,77157,
1187,3519,
1188,73755184,
1189,134813889,PEPTIDE1{G.W.T.L.N.S.A.G.Y.L.L.G.P.H.A.V.G.N.H.R.S.F.S.D.K.Y.G.L.T.S}$$$$
1190,10470232,
1191,2119,
1192,168433300,
1193,129928,
1194,134824567,PEPTIDE1{D.T.M.R.C.M.V.G.R.V.Y.R.P.C.W.E.V}$$$$
1195,2726776,
1196,854189,
1197,5684,
1198,6915744,
1199,123884,PEPTIDE1{R.P.P.G.F.S.P.L}$$$$
1200,4431,
1201,9948102,
1202,12093170,
1203,6167,
1204,10308720,
1205,115107,
1206,5283055,
1207,9838763,
1208,9807249,
1209,154087,
1210,73755040,
1211,10251,
1212,1550836,
1213,150716,
1214,49841217,
1215,4583,
1216,145996512,PEPTIDE1{F.L.F.H.Y.S.K.T.Q.K.L.[am]}$$$$
1217,11713007,
1218,121879,
1219,155817414,PEPTIDE1{Y.K.V.N.E.Y.Q.G.P.V.A.P.S.G.G.F.F.L.F.R.P.R.N.[am]}$$$$
1220,44292270,
1221,4636,
1222,102061602,PEPTIDE1{K.R.P.P.G.F.S.P}$$$$
1223,188927,
1224,5311192,
1225,73755252,
1226,673766,
1227,173382,
1228,4052597,
1229,131801164,
1230,9793861,
1231,137106310,
1232,44361543,PEPTIDE1{F.G.G.F.T.G.A.R.K.S.A.R.K.L.A.N.Q}$$$$
1233,9831083,
1234,10385240,
1235,23786499,
1236,6324620,PEPTIDE1{[*C(=O)[C@H](C)NC(=O)c1ccccc1 |$_R2;;;;;;;;;;;;;$|].A.[dW].F.[dP].P.I.[am]}$$$$
1237,9826744,
1238,22524604,
1239,16078994,
1240,6433095,
1241,23585443,
1242,5283062,
1243,53630394,
1244,4284720,
1245,55752,
1246,25149519,
1247,4206177,
1248,10213684,PEPTIDE1{D.C.F.W.K.Y.C.V}$$$$
1249,155817476,PEPTIDE1{G.W.T.L.N.S.A.G.Y.L.L.G.P.H.A.I.D.N.H.R.S.F.S.D.K.Y.G.L.T.[am]}$$$$
1250,10227892,
1251,91972027,
1252,108029,
1253,45052479,PEPTIDE1{Y.G.G.F.M.T.S.E.K.S.Q.T.P.L.V.T.L.F.K.N.A.I.I.K.N.A.H.K.K.G.Q}$$$$
1254,127045422,
1255,73755251,
1256,11191153,
1257,11567371,
1258,2690,
1259,131801162,
1260,4932,
1261,122119,
1262,23649245,
1263,70692936,
1264,15897,
1265,5282381,
1266,73755026,
1267,164415,
1268,127948,
1269,444007,
1270,44316620,
1271,5311198,
1272,57381997,
1273,154699465,PEPTIDE1{S.F.R.N.[am]}$$$$
1274,444266,
1275,25074470,PEPTIDE1{[Glp].H.W.S.Y.[dW].L.R.P.G.[am]}$$$$
1276,9936595,
1277,5311041,
1278,145925549,PEPTIDE1{[Sar].R.V.Y.K.H.P.A}$$$$
1279,135545444,
1280,9919857,
1281,167993655,
1282,23725699,
1283,60204017,
1284,44309215,"PEPTIDE1{F.C.Y.W.R.T.[Pen].T.[am]}$PEPTIDE1,PEPTIDE1,2:R3-7:R3$$$"
1285,142503719,
1286,10448986,
1287,82148,
1288,5401,
1289,49858117,
1290,11595431,
1291,169422750,
1292,146361282,
1293,164234,PEPTIDE1{[Sar].R.P.P.G.F.S.P.[dF]}$$$$
1294,11698643,
1295,155817417,PEPTIDE1{P.S.K.P.D.N.P.G.E.D.A.P.A.E.D.L.A.R.Y.Y.S.A.L.R.H.Y.I.N.L.I.T.R.Q.R.Y}$$$$
1296,3618472,
1297,5497186,
1298,10475082,
1299,137359492,
1300,23642275,
1301,1146,
1302,71364,"PEPTIDE1{[dR].(R,[dR]).(P,[dP]).[*C(=O)C1C[C@H](CN1*)O |$_R2;;;;;;;;_R1;$|].G.[Thi].S.[*C(=O)C1Cc2ccccc2CN1* |$_R2;;;;;;;;;;;;;_R1$|].[*C(=O)C1C[C@@H]2CCCC[C@@H]2N1* |$_R2;;;;;;;;;;;;_R1$|].R}$$$$V2.0"
1303,71301276,
1304,727787,
1305,3188786,
1306,4184747,
1307,6918468,"PEPTIDE1{[ac].F.[Orn].P.[*C(=O)[C@@H](CC1CCCCC1)N* |$_R2;;;;;;;;;;;;_R1$|].W.R}$PEPTIDE1,PEPTIDE1,3:R3-7:R2$$$"
1308,638252,
1309,441082,
1310,146444831,
1311,11705608,
1312,5311092,
1313,4171,
1314,3644637,
1315,1549000,
1316,5283051,
1317,5749,
1318,5280360,
1319,9936489,
1320,12668023,
1321,441293,
1322,155817395,PEPTIDE1{A.D.G.S.F.S.D.E.M.N.T.I.L.D.N.L.A.T.R.D.F.I.N.W.L.I.Q.T.K.I.T.D}$$$$
1323,18068,
1324,16130930,PEPTIDE1{[Glp].H.W.S.Y.G.L.W.P.G.[am]}$$$$
1325,1564,
1326,9909448,
1327,132709,PEPTIDE1{Y.[meL].F.Q.P.Q.R.F.[am]}$$$$
1328,118877392,
1329,24771259,
1330,5283156,
1331,155817487,PEPTIDE1{W.T.L.N.S.A.G.Y.L.L.G.P.H.A.I.D.N.H.R.S.F.H.D.K.Y.G.L.A}$$$$
1332,9967471,
1333,6858272,
1334,3002977,
1335,107699,
1336,5311238,
1337,25141190,
1338,5311096,
1339,115149,
1340,44187367,
1341,9872620,RNA1{[*P(=O)(O)OP(=O)(O)OP(=O)(O)O |$_R2;;;;;;;;;;;;|]R([*n1cc(c(=O)[nH]c1=O)Br |$_R1;;;;;;;;;$|])}$$$$
1342,155817423,PEPTIDE1{T.P.E.Q.M.A.Q.Y.A.A.D.L.R.R.Y.I.N.M.L.T.R.P.R.Y}$$$$
1343,24890862,
1344,3272300,
1345,6421522,
1346,5697,
1347,123924,
1348,2159,
1349,9830503,
1350,9874838,
1351,11354367,
1352,155552190,PEPTIDE1{[Sar].R.V.Y.K.H.P.[am]}$$$$
1353,4452,
1354,151782,
1355,4302962,
1356,181461,
1357,5311311,PEPTIDE1{H.K.T.D.S.F.V.G.L.M.[am]}$$$$
1358,6911854,
1359,1019881,
1360,139600924,PEPTIDE1{K.R.L.G.A.L.F.N.P.Y.F.D.P.L.Q.W.K.N.S.D.F.E}$$$$
1361,9824507,
1362,23643664,
1363,10832101,
1364,73755011,
1365,5282428,
1366,62865,
1367,5310992,
1368,44415153,
1369,9810632,
1370,2855,
1371,155817405,PEPTIDE1{D.F.D.T.L.S.C.M.L.G.R.V.Y.Q.S.C.W.Q.V}$$$$
1372,5311427,
1373,119175,
1374,11688990,
1375,156690,
1376,9808518,
1377,11757476,
1378,44472635,
1379,3034814,
1380,18376177,
1381,155128767,
1382,56645576,
1383,16129670,"PEPTIDE1{(K,[dK]).(A,[dA]).(P,[dP]).(S,[dS]).G.(R,[dR]).(M,[dM]).(S,[dS]).[*C(=O)C(C(C)CC)N* |$_R2;;;;;;;;;_R1$|].(V,[dV]).(K,[dK]).(N,[dN]).(L,[dL]).(Q,[dQ]).(N,[dN]).(L,[dL]).(D,[dD]).(P,[dP]).(S,[dS]).(H,[dH]).(R,[dR]).[*C(=O)C(C(C)CC)N* |$_R2;;;;;;;;;_R1$|].(S,[dS]).(D,[dD]).(R,[dR]).(D,[dD]).[*C(=O)C(c1ccc(cc1)OS(=O)(=O)O)N* |$_R2;;;;;;;;;;;;;;;;_R1$|].(M,[dM]).G.(W,[dW]).(M,[dM]).(D,[dD]).(F,[dF]).[am]}$$$$V2.0"
1384,196819,
1385,6335948,
1386,137460733,
1387,53321959,
1388,8546,
1389,11993702,"PEPTIDE1{[ac].R.C.[dA].H.[dF].R.W.C.[am]}$PEPTIDE1,PEPTIDE1,3:R3-9:R3$$$"
1390,4887,
1391,97783,
1392,6918688,
1393,121850,
1394,5312114,
1395,121964,PEPTIDE1{[*C(=O)[C@H](Cc1c[nH]c2c1cccc2)NC(=O)OC(C)(C)C |$_R2;;;;;;;;;;;;;;;;;;;;;$|].[*C(=O)[C@H](CCCCNC(=O)Nc1ccccc1C)N* |$_R2;;;;;;;;;;;;;;;;;;;;_R1$|].D.[meF].[am]}$$$$
1396,155817402,PEPTIDE1{G.T.S.L.S.P.P.P.E.S.S.G.S.P.Q.Q.P.G.L.S.A.P.H.S.R.Q.I.P}$$$$
1397,16133792,PEPTIDE1{[ac].V.L.G.K.L.S.Q.E.L.H.K.L.Q.T.Y.P.R.T.N.T.G.S.N.T.Y.[am]}$$$$
1398,135413536,
1399,11337722,
1400,122260,PEPTIDE1{Y.G.G.F.L.R.K.Y.P}$$$$
1401,33032,PEPTIDE1{E}$$$$
1402,5311274,"PEPTIDE1{[dD].[dW].F.[*C(=O)[C@@H](CN*)N* |$_R2;;;;;;_R3;;_R1$|].L.M}$PEPTIDE1,PEPTIDE1,1:R3-4:R3|PEPTIDE1,PEPTIDE1,6:R2-1:R1$$$"
1403,445639,
1404,56947064,
1405,73755207,
1406,10413,
1407,49872868,
1408,5311451,
1409,5311029,
1410,9819432,
1411,431865,
1412,91928510,PEPTIDE1{D.G.S.F.S.D.E.M.N.T.I.L.D.N.L.A.A.R.D.F.I.N.W.L.I.Q.T.K.I.T.D}$$$$
1413,1233,
1414,5311374,
1415,118308154,
1416,54585570,
1417,145996510,"PEPTIDE1{K.R.R.P.A.K.A.W.S.G.R.R.T.R.L.C.C.H.R.V.P.S.P.N.S.T.N.L.K.G.H.H.V.R.L.C.K.P.C.K.L.E.P.E.P.R.L.W.V.V.P.G.A.L.P.Q.V}$PEPTIDE1,PEPTIDE1,17:R3-36:R3|PEPTIDE1,PEPTIDE1,16:R3-39:R3$$$"
1418,11570626,
1419,7217941,
1420,166625060,
1421,1489963,
1422,9803617,
1423,54210200,
1424,44559100,
1425,9810112,
1426,171037438,
1427,73058507,
1428,73755009,
1429,5312124,
1430,155817422,PEPTIDE1{P.S.K.P.D.N.P.G.E.D.A.P.A.E.D.M.A.R.Y.Y.S.A.L.R.H.Y.I.N.L.I.T.R.Q.R.Y}$$$$
1431,118877516,
1432,155817420,PEPTIDE1{Y.Y.S.A.L.R.H.Y.I.N.L.I.T.R.Q.R.Y}$$$$
1433,46912919,
1434,10468943,
1435,91827355,
1436,5280961,
1437,118016229,
1438,9825034,
1439,73755012,
1440,5002,
1441,71351,
1442,10158788,
1443,5462471,PEPTIDE1{Y.[dA].G.[meF].[*NCCO |$_R1;;;;$|]}$$$$
1444,6604893,
1445,23549991,
1446,5283039,
1447,115077,
1448,134611896,
1449,5311116,
1450,5253,
1451,25077385,PEPTIDE1{[ac].[dR].[dR].[dR].[dR].[dR].[dR].[dR].[dR].[dR].[am]}$$$$
1452,3746,
1453,3827,
1454,167993658,
1455,3187704,
1456,119245,
1457,497299,
1458,44633765,
1459,155817459,PEPTIDE1{I.K.P.E.A.P.G.E.D.A.S.P.E.E.L.N.R.Y.Y.A.S.L.R.H.Y.L.N.L.V.T.R.Q.R.Y.[am]}$$$$
1460,108002,
1461,167993649,
1462,5284569,
1463,73755205,
1464,60795,
1465,14235547,"PEPTIDE1{[*C(=O)C1CCC(=O)N1 |$_R2;;;;;;;;$|].(Q,[dQ]).(W,[dW]).(A,[dA]).(V,[dV]).G.(H,[dH]).(F,[dF]).(M,[dM]).[am]}$$$$V2.0"
1466,9854012,
1467,4095,
1468,5311134,
1469,134611898,
1470,5311240,
1471,6278000,
1472,188942,
1473,46891047,
1474,11397354,
1475,103828029,
1476,1242,
1477,2230,
1478,68186,
1479,16737207,
1480,3038517,
1481,24780383,
1482,7794,
1483,54695534,
1484,5283454,PEPTIDE1{[CCCCCCCC/C=C\CCCCCCCC(=O)NCCO]}$$$$
1485,162679361,
1486,9841972,
1487,3500,
1488,11855860,
1489,6603800,
1490,119376,
1491,9917021,
1492,134813899,PEPTIDE1{A.C.F.W.[Orn].Y.C.V}$$$$
1493,11689583,
1494,9840090,
1495,8180,
1496,132387,
1497,91827342,
1498,44598833,
1499,5078,
1500,129211,
1501,73755217,
1502,46200932,
1503,6604840,
1504,10152528,
1505,11691555,
1506,25195495,
1507,3009355,
1508,57347,
1509,5042,
1510,16130395,"PEPTIDE1{R.R.[Nal].C.Y.R.K.[dK].P.Y.R.[Cit].C.R}$PEPTIDE1,PEPTIDE1,4:R3-13:R3$$$"
1511,122162,
1512,155817521,
1513,177990,
1514,9976312,
1515,7991,
1516,25016538,
1517,8226,
1518,155817411,PEPTIDE1{V.P.I.F.T.Y.G.E.L.Q.R.M.Q.E.K.E.R.N.K.G.Q}$$$$
1519,912,
1520,16219332,"PEPTIDE1{C.S.C.S.S.W.L.D.K.E.C.V.Y.F.C.H.L.D.I.I.W}$PEPTIDE1,PEPTIDE1,3:R3-11:R3|PEPTIDE1,PEPTIDE1,1:R3-15:R3$$$"
1521,119461,
1522,53308747,
1523,24772484,
1524,119584,
1525,16132316,PEPTIDE1{Y.G.G.F.M.T.S.E.K.S.Q.T.P.L.V.T.L.F.K.N.A.I.I.K.N.A.Y.K.K.G.E}$$$$
1526,9940301,PEPTIDE1{K.I.P.Y.I.L}$$$$
1527,71312203,PEPTIDE1{K.T.N.M.K.H.M.A.G.A.A.A.A.G.A.V.V.G.G.L.G}$$$$
1528,10062394,
1529,92432,"PEPTIDE1{[ac].[Nle].D.H.[dF].R.W.K.[am]}$PEPTIDE1,PEPTIDE1,3:R3-8:R3$$$"
1530,4995951,
1531,91691124,PEPTIDE1{A.R.V.Y.I.H.P.F}$$$$
1532,2216,
1533,73755126,
1534,656745,
1535,5311494,
1536,132266,
1537,77461257,
1538,146368333,
1539,16133801,PEPTIDE1{[ac].L.M.D.K.E.A.V.Y.F.A.H.L.D.I.V.W}$$$$
1540,155817520,
1541,11672811,
1542,16139342,PEPTIDE1{H.G.E.G.T.F.T.S.D.L.S.K.Q.M.E.E.E.A.V.R.L.F.I.E.W.L.K.N.G.G.P.S.S.G.A.P.P.S.K.K.K.K.K.K.[am]}$$$$
1543,475100,
1544,3241,
1545,11158623,
1546,1912564,
1547,5281668,
1548,11436345,
1549,4671,PEPTIDE1{[CCCCCCCCCCCCCCCC(=O)NCCO]}$$$$
1550,9934033,
1551,93205,
1552,10245890,
1553,11305934,
1554,10405534,
1555,37463,
1556,5311229,
1557,7894,
1558,5311111,PEPTIDE1{K.R.P.P.G.F.S.P.F.R}$$$$
1559,16741348,
1560,11332190,PEPTIDE1{Y.F.P.G.Q.F.A.F.S}$$$$
1561,3396,
1562,25077406,PEPTIDE1{[Glp].L.Y.E.N.K.P.R.R.P.Y.I.L}$$$$
1563,121925,
1564,638793,PEPTIDE1{[Glp].H.W.S.Y.G.L.R.P.G.[am]}$$$$
1565,11095,
1566,25886893,
1567,135407952,
1568,146170991,
1569,5273315,PEPTIDE1{K.P.V.S.L.S.Y.R.C}$$$$
1570,158797,
1571,6918554,
1572,11627742,
1573,6031,RNA1{[*P(=O)(O)OP(=O)(O)O |$_R2;;;;;;;;|]R(U)}$$$$
1574,5281878,
1575,2875918,
1576,17473,
1577,49868481,
1578,101244456,
1579,121871,
1580,53323295,
1581,44623954,
1582,5280745,
1583,21071390,
1584,24873485,
1585,155817433,PEPTIDE1{D.A.A.F.R.E.R.A.R.L.L.A.A.L.E.R.R.H.W.L.N.S.Y.M.H.K.L.L.V.L.D.A.P}$$$$
1586,6604820,
1587,2543,
1588,9981404,
1589,6914579,PEPTIDE1{[CCCCCCCC(=O)N[C@H]1CCOC1=O]}$$$$
1590,66552906,
1591,22146595,"PEPTIDE1{[*C(=O)C1CCC(=O)N1 |$_R2;;;;;;;;$|].(V,[dV]).(P,[dP]).(Q,[dQ]).(W,[dW]).(A,[dA]).(V,[dV]).G.(H,[dH]).(F,[dF]).(M,[dM]).[am]}$$$$V2.0"
1592,71819307,
1593,24745335,
1594,448457,
1595,5311053,
1596,73755068,
1597,194323,PEPTIDE1{H.S.Q.G.T.F}$$$$
1598,136218973,
1599,146192952,
1600,16131215,PEPTIDE1{[ac].[*C(=O)[C@@H](Cc1ccc2ccccc2c1)N* |$_R2;;;;;;;;;;;;;;;;_R1$|].[*C(=O)[C@@H](Cc1ccc(cc1)Cl)N* |$_R2;;;;;;;;;;;;;_R1$|].[*C(=O)[C@@H](Cc1cccnc1)N* |$_R2;;;;;;;;;;;;_R1$|].S.[meY].[dN].L.[*C(=O)[C@H](CCCCNC(C)C)N* |$_R2;;;;;;;;;;;;;_R1$|].P.[dA].[am]}$$$$
1601,2471,
1602,10210160,
1603,73755202,
1604,24958668,
1605,25150700,
1606,6918649,
1607,5640,
1608,137434175,
1609,3410,
1610,10042467,
1611,73673720,
1612,941361,
1613,3092570,
1614,9574343,
1615,132427686,
1616,73755197,
1617,24749950,
1618,10743500,
1619,5311081,PEPTIDE1{Y.P.F.F.[am]}$$$$
1620,24763119,
1621,4673492,
1622,91827364,
1623,72344,
1624,5685,
1625,11175501,
1626,155817494,PEPTIDE1{T.R.P.N.Y.N.K.R.K.R.I.H.I.G.P.G.R.A.F.Y.T.T.K.N.I.I.G.T.I.R.Q.A.H.[am]}$$$$
1627,123976,
1628,4828,
1629,57664406,
1630,4926,
1631,154733032,
1632,66706,
1633,155817385,PEPTIDE1{D.L.T.F.H.L.L.R.E.M.L.E.M.A.K.A.E.Q.E.A.E.Q.A.A.L.N.R.L.L.L.E.E.A}$$$$
1634,11206949,
1635,6918851,
1636,155817388,PEPTIDE1{Y.A.H.W.A.W.F.K}$$$$
1637,16132443,"PEPTIDE1{[ac].[*C(=O)[C@@H](Cc1ccc2ccccc2c1)N* |$_R2;;;;;;;;;;;;;;;;_R1$|].[*C(=O)[C@H](Cc1ccc(cc1)Cl)N* |$_R2;;;;;;;;;;;;;_R1$|].[*C(=O)[C@@H](Cc1cccnc1)N* |$_R2;;;;;;;;;;;;_R1$|].S.Y.[*C(=O)[C@@H](CCCCNC(=O)N)N* |$_R2;;;;;;;;;;;;;_R1$|].L.[*C(=O)[C@H](CCCCNC(C)C)N* |$_R2;;;;;;;;;;;;;_R1$|].[dP].(A,[dA]).[am]}$$$$V2.0"
1638,16681432,
1639,3277600,
1640,155817499,PEPTIDE1{S.M.C.H.R.W.S.R.A.V.L.F.P.A.A.H.R.P}$$$$
1641,11310142,
1642,25081457,PEPTIDE1{[*C(=O)CNCc1ccccc1 |$_R2;;;;;;;;;;;$|].G.G.F.T.G.A.R.K.S.A.R.K.R.K.[am]}$$$$
1643,155817426,PEPTIDE1{A.V.S.E.H.Q.L.L.H.D.K.G.K.S.I.Q.D.L.R.R.R.H.W.L.N.S.Y.M.H.K.L.L.V.L.D.A.P}$$$$
1644,70669253,
1645,11675994,
1646,49836087,
1647,155771777,
1648,4284721,
1649,58368068,
1650,25149244,
1651,5311064,
1652,11148966,
1653,11510579,
1654,4913,
1655,11285792,
1656,221493,
1657,10849065,
1658,16162108,PEPTIDE1{[Glp].G.P.W.L.E.E.E.E.E.A.Y.G.W.M.D.F.[am]}$$$$
1659,167993645,
1660,25078100,"PEPTIDE1{[dR].(P,[dP]).K.(P,[dP]).Q.(Q,[dQ]).[dW].F.[dW].(L,[dL]).L.[am]}$$$$V2.0"
1661,4043841,
1662,4108,
1663,155817432,PEPTIDE1{A.V.S.E.H.Q.L.L.H.D.K.G.K.S.I.Q.D.L.R.R.R.F.F.L.H.H.L.I.A.E.I.H.T.A}$$$$
1664,9847721,
1665,11180808,
1666,90200922,
1667,5461879,
1668,57523087,
1669,11951384,
1670,9891980,
1671,9886034,
1672,11531145,
1673,66772777,
1674,3260619,
1675,155817412,PEPTIDE1{Q.F.L.F.R.P.R.N}$$$$
1676,5280450,
1677,155817477,PEPTIDE1{L.R.Q.F.L.Q.K.S.L.A.A.A.A}$$$$
1678,73755209,
1679,11948463,
1680,73755172,
1681,32893,
1682,9832756,PEPTIDE1{G.I.R.P.V.G.R.F}$$$$
1683,155817458,PEPTIDE1{A.P.L.E.P.V.Y.P.G.D.N.A.T.P.E.Q.M.A.Q.Y.A.A.D.L.R.R.Y.I.N.M.L.T.R.P.R.Y.[am]}$$$$
1684,56587994,
1685,5311463,
1686,5280493,
1687,5152,
1688,10311306,
1689,7424,
1690,11159621,
1691,10918703,
1692,91623353,PEPTIDE1{[*C(=O)CCC1CCCCC1 |$_R2;;;;;;;;;;$|].L.[*C(=O)[C@H](CCC(C)C)N* |$_R2;;;;;;;;;;_R1$|].[Dpr].P.R.N.[am]}$$$$
1693,2519,
1694,5324289,
1695,5311079,
1696,5310998,
1697,46911435,
1698,134611040,
1699,138634054,
1700,119517,
1701,22267,
1702,10568747,
1703,9907616,
1704,3077,
1705,25149704,
1706,9803828,
1707,11362035,
1708,10121975,
1709,155817517,
1710,5375199,
1711,91898963,PEPTIDE1{F.V.P.I.F.T.Y.G.E.L.Q.R.M.Q.E.K.E.R.N.K.G.Q}$$$$
1712,1993,
1713,2419,
1714,16129617,"PEPTIDE1{(S,[dS]).Y.S.M.E.H.F.R.W.G.K.P.V.G.[dK].[dK].[dR].[dR].P.V.K.V.Y.P}$$$$V2.0"
1715,119137,PEPTIDE1{[Glp].F.F.P.L.M.[am]}$$$$
1716,127856,
1717,135721976,
1718,1541501,
1719,17865255,
1720,60961,
1721,5310954,
1722,4810,
1723,1795545,PEPTIDE1{[C[C@](CCP(=O)(O)O)(C(=O)O)N]}$$$$
1724,486830,"PEPTIDE1{C.F.L.T.K.R.G.R.Q.V.C}$PEPTIDE1,PEPTIDE1,1:R3-11:R3$$$"
1725,53374467,
1726,90488874,PEPTIDE1{R.V.D.P.V.N.F.K.L.L.S.H}$$$$
1727,145996525,
1728,9690136,
1729,90202558,
1730,2765,
1731,16137682,PEPTIDE1{C.E.F.L.V.K.E.V.T.K.L.I.D.N.N.K.T.E.K.E.I.L}$$$$
1732,56960876,
1733,5322399,
1734,25192022,
1735,72036,
1736,4076,
1737,155412853,
1738,2756,
1739,5311244,
1740,10296561,
1741,162679547,
1742,5311373,
1743,10117987,
1744,5361918,
1745,14827778,
1746,9843631,
1747,129012199,PEPTIDE1{D.L.S.K.[dQ].M.E.E.E.A.V.R.L.F.I.E.W.L.K.N.G.G.P.S.S.G.A.P.P.P.S.[am]}$$$$
1748,86277835,
1749,16133849,"PEPTIDE1{S.A.N.S.N.P.A.M.A.P.R.E.R.K.A.G.C.K.N.F.F.W.K.T.F.T.S.C}$PEPTIDE1,PEPTIDE1,17:R3-28:R3$$$"
1750,46865097,
1751,5360515,
1752,6917803,
1753,107689,
1754,85469632,
1755,446355,PEPTIDE1{[C[C@](c1ccc(cc1)C(=O)O)(C(=O)O)N]}$$$$
1756,145996516,PEPTIDE1{K.R.S.F.S.G.F.G.S.P.L.D.R.L.S.A.G.S.V.D.H.K.[am]}$$$$
1757,16036762,
1758,42596951,
1759,1518,
1760,12003694,
1761,167993644,
1762,9850904,"PEPTIDE1{F.K.[*C(=O)[C@H](Cc1ccc(c(c1)C(C)(C)C)O)N* |$_R2;;;;;;;;;;;;;;;;;_R1$|].[Bal]}$PEPTIDE1,PEPTIDE1,2:R3-4:R2$$$"
1763,15657195,
1764,6603915,
1765,59232326,
1766,129627786,PEPTIDE1{S.Y.S.M.E.H.F.R.W.G.K.P.V.G.K.K.R.R.P.V.K.V.Y.P}$$$$
1767,5311340,
1768,44309485,
1769,2802894,
1770,9546625,
1771,59751,
1772,3045227,
1773,135921139,
1774,91827344,
1775,10045876,
1776,11515548,
1777,11503055,
1778,9802572,
1779,86277837,
1780,56593349,
1781,60857,
1782,5311378,
1783,183782,
1784,73755193,
1785,44230575,
1786,9903898,
1787,33625,
1788,11561692,
1789,9860053,
1790,16078986,
1791,24857286,
1792,10479502,
1793,71655222,
1794,11618368,
1795,53630410,
1796,3371,PEPTIDE1{[c1ccc(c(c1)C(=O)O)Nc2cccc(c2)C(F)(F)F]}$$$$
1797,9821569,
1798,9941379,"PEPTIDE1{[ac].[Nle].D.H.[dF].R.W.K}$PEPTIDE1,PEPTIDE1,3:R3-8:R3$$$"
1799,146025748,
1800,44393977,PEPTIDE1{H.A.E.G.T.F.T.S.D.V.S.S.Y.L.E.G.Q.A.A.K.E.F.I.A.W.L.V.K.G.R.[am]}$$$$
1801,9908268,
1802,66720777,
1803,196915,
1804,5311010,"PEPTIDE1{[*C(=O)CCS* |$_R2;;;;;;_R3$|].[*C(=O)[C@@H](Cc1ccc(cc1)OCC)N* |$_R2;;;;;;;;;;;;;;;_R1$|].I.T.N.C.P.[Orn].G.[am]}$PEPTIDE1,PEPTIDE1,1:R3-6:R3$$$"
1805,5024764,
1806,58438464,
1807,10077130,
1808,119029,
1809,4747,
1810,5311044,
1811,56944144,
1812,15780052,
1813,11758032,
1814,10410511,PEPTIDE1{[CCCCCCCC/C=C\CCCCCCCC(=O)N[C@@H](Cc1ccc(cc1)O)CO]}$$$$
1815,86676119,
1816,86290953,
1817,135489238,
1818,24776445,
1819,4850,
1820,9864510,
1821,123643,PEPTIDE1{I.S.R.P.P.G.F.S.P.F.R}$$$$
1822,3779,
1823,2913,
1824,23725180,
1825,10097314,
1826,137319706,
1827,4543,
1828,89949,
1829,10263487,
1830,24988201,
1831,122028,
1832,2745687,
1833,118856782,PEPTIDE1{[Glp].H.W.S.Y.G.L.S.P.G.[am]}$$$$
1834,11994411,
1835,5283130,
1836,26987,
1837,114899,
1838,57381112,
1839,4788,
1840,11398,
1841,2685,
1842,10343454,
1843,53233900,
1844,118705601,PEPTIDE1{Y.P.A.K.P.E.A.P.G.E.D.A.S.P.E.E.L.S.R.Y.Y.A.S.L.R.H.Y.L.N.L.V.T.R.Q.R.Y.[am]}$$$$
1845,11995575,"PEPTIDE1{A.C.[Cha].W.K.Y.C.V}$PEPTIDE1,PEPTIDE1,2:R3-7:R3$$$"
1846,9870523,
1847,9847377,
1848,145704683,
1849,107905,
1850,644260,
1851,9872389,
1852,91865076,"PEPTIDE1{[*C(=O)[C@H](CCCNC(=N)N)NC(=O)c1ccc(cc1)F |$_R2;;;;;;;;;;;;;;;;;;;;$|].R.[Nal].C.Y.[Cit].K.K.P.Y.R.[Cit].C.R.[am]}$PEPTIDE1,PEPTIDE1,4:R3-13:R3$$$"
1853,16129665,"PEPTIDE1{[*C(=O)C(Cc1[nH]ccn1)N |$_R2;;;;;;;;;;$|].(S,[dS]).(D,[dD]).G.[*C(=O)C(C(C)O)N* |$_R2;;;;;;;;_R1$|].(F,[dF]).[*C(=O)C(C(C)O)N* |$_R2;;;;;;;;_R1$|].(S,[dS]).(E,[dE]).(L,[dL]).(S,[dS]).(R,[dR]).(L,[dL]).(R,[dR]).(D,[dD]).(S,[dS]).(A,[dA]).(R,[dR]).(L,[dL]).(Q,[dQ]).(R,[dR]).(L,[dL]).(L,[dL]).(Q,[dQ]).G.(L,[dL]).(V,[dV])}$$$$V2.0"
1854,5775,
1855,5311384,
1856,6878030,
1857,1032,
1858,155817418,PEPTIDE1{S.K.P.D.N.P.G.E.D.A.P.A.E.D.L.A.R.Y.Y.S.A.L.R.H.Y.I.N.L.I.T.R.Q.R.Y}$$$$
1859,16094676,
1860,25098573,
1861,9868580,
1862,117072554,
1863,155817523,
1864,56947141,
1865,10071196,
1866,11715556,
1867,46866191,
1868,6918314,
1869,132916,
1870,16132369,PEPTIDE1{H.S.D.A.I.F.T.Q.Q.Y.S.K.L.L.A.K.L.A.L.Q.K.Y.L.A.S.I.L.G.S.R.T.S.P.P.P.[am]}$$$$
1871,11156438,
1872,73755022,
1873,2803,
1874,10910934,
1875,178024,
1876,137553167,
1877,445049,
1878,10231401,
1879,443879,
1880,9906860,
1881,10745164,
1882,137333453,
1883,123973,
1884,49867142,RNA1{PR([*n1ccc(=O)nc1N |$_R1;;;;;;;;$|])}$$$$
1885,10473088,
1886,108147,PEPTIDE1{[*C(=O)[C@H](CC(=O)O)NC(=O)CCC(=O)O |$_R2;;;;;;;;;;;;;;;$|].F.[meF].G.L.M.[am]}$$$$
1887,9800175,
1888,11559235,
1889,125564,
1890,440141,RNA1{PR(A)}$$$$
1891,5311257,
1892,864492,
1893,91827347,
1894,219024,
1895,10428048,
1896,10380127,
1897,5311186,
1898,44430609,PEPTIDE1{F.G.G.[*C(=O)[C@H](Cc1ccc(cc1)F)N* |$_R2;;;;;;;;;;;;;_R1$|].T.G.[Aib].R.K.S.A.R.K.R.K.N.Q.[am]}$$$$
1899,44299731,PEPTIDE1{D.R.V.Y.V.H.P}$$$$
1900,11494970,
1901,126456406,
1902,155817468,PEPTIDE1{S.R.T.H.R.H.S.M.E.I.R.T.P.D.I.N.P.A.W.Y.A.S.R.G.I.R.P.V.G.R.F.[am]}$$$$
1903,16167454,"PEPTIDE1{(D,[dD]).[*C(=O)C(C(C)O)N* |$_R2;;;;;;;;_R1$|].(M,[dM]).(R,[dR]).(C,[dC]).(M,[dM]).(V,[dV]).G.(R,[dR]).(V,[dV]).(Y,[dY]).(R,[dR]).(P,[dP]).(C,[dC]).(W,[dW]).(E,[dE]).(V,[dV])}$PEPTIDE1,PEPTIDE1,5:R3-14:R3$$$V2.0"
1904,5311114,
1905,11307323,
1906,688095,
1907,3080966,
1908,86279608,
1909,86764100,
1910,73755221,
1911,1917,
1912,2726,
1913,71774987,
1914,689013,
1915,11245456,
1916,9820261,
1917,268,
1918,11374217,
1919,5957,RNA1{[*P(=O)(O)OP(=O)(O)OP(=O)(O)O |$_R2;;;;;;;;;;;;|]R(A)}$$$$
1920,159296,RNA1{PR(A).P}$$$$
1921,5311423,
1922,155817463,PEPTIDE1{G.W.T.L.N.S.A.G.Y.L.L.G.P.R.P.K.P.Q.Q.W.F.W.L.L}$$$$
1923,9885773,
1924,23725177,
1925,66855377,
1926,183134,
1927,9806459,
1928,163889,
1929,20814785,
1930,5284330,
1931,449851,
1932,6450823,
1933,4236420,
1934,25166913,
1935,16198245,PEPTIDE1{F.V.P.I.F.T.Y.G.E.L.Q.R.L.Q.E.K.E.R.N.K.G.Q}$$$$
1936,44431042,
1937,139030524,
1938,6918245,PEPTIDE1{[dA].[*C(=O)[C@@H](Cc1ccc2ccccc2c1)N* |$_R2;;;;;;;;;;;;;;;;_R1$|].A.W.[dF].K.[am]}$$$$
1939,71733822,
1940,91933867,
1941,5310956,
1942,9884366,
1943,134551,
1944,9985526,
1945,442021,
1946,104865,
1947,18971832,
1948,5282426,
1949,9908992,
1950,133538,
1951,7342912,
1952,155817490,PEPTIDE1{Q.L.W.A.V.G.S.L.M}$$$$
1953,91827369,
1954,71508234,
1955,56927659,
1956,9909468,
1957,140700741,
1958,3001322,
1959,108643,
1960,49381,
1961,6918447,
1962,9868452,
1963,16062593,
1964,145966622,
1965,5283141,
1966,4740,
1967,24867852,RNA1{P[dR]([meA]).P}$$$$
1968,56947016,
1969,11443899,
1970,3037130,PEPTIDE1{K.P.V.G.K.K.R.R.P.V.K.V.Y.P}$$$$
1971,78210300,
1972,6439091,
1973,133079,
1974,16000100,
1975,77846592,
1976,6305,PEPTIDE1{W}$$$$
1977,5311291,PEPTIDE1{[*C(=O)[C@@H]1CCC(=O)N1C |$_R2;;;;;;;;;$|].H.P.[am]}$$$$
1978,145996522,
1979,44123300,
1980,2499,
1981,44328226,PEPTIDE1{A.R.Y.Y.S.A.L.R.H.Y.I.N.L.I.T.R.Q.R.Y}$$$$
1982,46213922,
1983,3869,
1984,5487,
1985,393594,
1986,56599142,
1987,9844074,
1988,25150704,
1989,68848,
1990,91885640,
1991,9871234,
1992,107967,
1993,3683,
1994,155817464,PEPTIDE1{G.W.T.L.N.S.A.G.Y.L.L.G.P.H.A.V.G.N.H.R.S.F.S.D.K.N.G.L.T}$$$$
1995,49792850,
1996,657298,
1997,132749,
1998,3035442,
1999,163358786,
2000,252716,
2001,73755245,
2002,16109435,
2003,73755000,
2004,4302963,
2005,4184,
2006,4992,
2007,10432920,
2008,107930,
2009,10171,
2010,16197727,PEPTIDE1{[ac].S.Y.S.[Nle].E.H.[dF].R.W.G.K.P.V.[am]}$$$$
2011,15985251,
2012,59107184,
2013,155817408,PEPTIDE1{F.V.P.I.F.T.Y.G.E.L.Q}$$$$
2014,73755147,
2015,167962,
2016,3063228,
2017,10327625,
2018,10008367,
2019,9865554,
2020,3081832,PEPTIDE1{L.V.V.Y.P.W.T}$$$$
2021,73755063,
2022,45483651,"PEPTIDE1{[*C(=O)[C@H](Cc1ccc(cc1)O)NCc2ccccc2 |$_R2;;;;;;;;;;;;;;;;;;;$|].G.G.F.D.R.[*C(=O)[C@H](C(C)CC)N* |$_R2;;;;;;;;;_R1$|].[Dpr].R.P.K.[am]}$PEPTIDE1,PEPTIDE1,5:R3-8:R3$$$"
2023,107810,PEPTIDE1{[*C(=O)[C@H](CC(C)C)NC(=O)N1CCCCCC1 |$_R2;;;;;;;;;;;;;;;;;$|].[*C(=O)[C@@H](Cc1cn(c2c1cccc2)C)N* |$_R2;;;;;;;;;;;;;;;;_R1$|].[*N[C@H](Cc1ccccn1)C(=O)O |$_R1;;;;;;;;;;;;$|]}$$$$
2024,124221654,
2025,71598521,
2026,15907756,
2027,5816,
2028,5593,
2029,3958,
2030,11523834,
2031,11296282,
2032,198757,
2033,108,
2034,2369,
2035,1346,
2036,71533431,
2037,25067576,
2038,46845425,
2039,9576413,
2040,2969,
2041,23633470,
2042,4336830,
2043,135398643,RNA1{[*P(=O)(O)OP(=O)(O)OP(=O)(O)O |$_R2;;;;;;;;;;;;|]R([*n1cnc2c1nc[nH]c2=O |$_R1;;;;;;;;;;$|])}$$$$
2044,4830,
2045,442972,
2046,10015055,
2047,71616860,
2048,6439022,
2049,73349109,
2050,73755014,
2051,179340,
2052,124138271,
2053,46190695,
2054,6082,
2055,102336704,
2056,124221652,
2057,53384864,
2058,73755010,
2059,124007,
2060,46240292,
2061,9947811,
2062,10717228,
2063,3440,
2064,139600331,
2065,72722131,
2066,16133830,PEPTIDE1{H.A.E.G.T.F.T.S.D.V.S.S.Y.L.E.G.Q.A.A.K.E.F.I.A.W.L.V.K.G.R.G}$$$$
2067,65710,
2068,169422751,
2069,6716,
2070,139600923,PEPTIDE1{K.R.Y.S.R.L.D.Y.L.I.N.G.I.Y.V.D.I}$$$$
2071,11301655,
2072,57340157,
2073,137501999,
2074,6918845,"PEPTIDE1{[*C(=O)[C@H](CCCN*)NC(=O)CCc1ccccc1 |$_R2;;;;;;;;_R3;;;;;;;;;;;$|].P.[*C(=O)[C@@H](CC1CCCCC1)N* |$_R2;;;;;;;;;;;;_R1$|].W.R}$PEPTIDE1,PEPTIDE1,1:R3-5:R2$$$"
2075,10200069,
2076,3191600,
2077,56947075,
2078,41376,
2079,11968293,
2080,122227,PEPTIDE1{K.R.P.P.G.F.S.P.F}$$$$
2081,87056189,
2082,24893978,
2083,2755,
2084,5712057,
2085,101882819,
2086,155817489,PEPTIDE1{Q.L.W.A.V.G.S.F.M}$$$$
2087,2548547,
2088,77999,
2089,10281725,
2090,91827359,
2091,13878027,
2092,10065929,
2093,9867257,
2094,1471834,
2095,9818479,
2096,9989449,
2097,123600,
2098,104974,
2099,176,
2100,5481119,
2101,5311055,
2102,108152,
2103,11614352,
2104,14987,
2105,16755143,
2106,115208,
2107,5280885,
2108,73755178,
2109,135522368,
2110,117604931,
2111,72944991,
2112,5332859,
2113,139600927,PEPTIDE1{A.L.T.G.I.K.Q.M.K.I.M.M.E.R.K.E.K.E.H.T.N.L.M.S.T.L}$$$$
2114,3602,
2115,65923,
2116,2160,
2117,5160,
2118,10037815,
2119,3151,
2120,4046493,
2121,3167869,
2122,1172084,
2123,3038495,
2124,44448831,
2125,5311430,"PEPTIDE1{[meA].Y.[dW].K.V.F}$PEPTIDE1,PEPTIDE1,6:R2-1:R1$$$"
2126,5288826,
2127,107691,PEPTIDE1{[*C(=O)[C@H](Cc1ccc(cc1)O)N(CC=C)CC=C |$_R2;;;;;;;;;;;;;;;;;;$|].[Aib].F.L}$$$$
2128,155817475,PEPTIDE1{N.S.A.G.Y.L.L.G.P.H.A.I.D.N.H.R.S.F.H.D.K.Y.G.L.A}$$$$
2129,4106,
2130,3378093,
2131,71580330,
2132,52938427,
2133,132787,
2134,10883829,
2135,5283035,
2136,5311215,
2137,443408,
2138,10742947,
2139,6437864,
2140,56597938,
2141,73755176,
2142,11957727,
2143,10447834,
2144,10313386,
2145,6133,RNA1{[*P(=O)(O)OP(=O)(O)OP(=O)(O)O |$_R2;;;;;;;;;;;;|]R(U)}$$$$
2146,2955,
2147,155817480,PEPTIDE1{T.L.N.S.A.G.Y.L.L.G.P.H.A.I.D.N.H.R.S.F.H.D.K.Y.G.L.A}$$$$
2148,9989505,
2149,888,
2150,10839674,
2151,56959560,
2152,25114442,
2153,624746,
2154,9060,PEPTIDE1{[dW]}$$$$
2155,1858,
2156,53393997,
2157,3086681,
2158,73755058,
2159,44403763,
2160,9838905,
2161,73755071,
2162,11962616,
2163,5489450,
2164,132049,
2165,10336538,
2166,155817442,PEPTIDE1{D.G.S.F.S.D.E.M.S.T.I.L.D.N.L.A.T.R.D.F.I.N.W.L.I.Q.T.K.I.T.D}$$$$
2167,172267,
2168,49871973,
2169,5566,
2170,121485701,
2171,45483949,
2172,60943,
2173,108156,
2174,5283066,
2175,2687,
2176,71566654,
2177,11316919,
2178,1261822,
2179,5310983,
2180,9824142,
2181,155817503,PEPTIDE1{L.R.K.H.N.C.L.Q.R.R.C.M.P.L.H.S.R.V.P.F.P}$$$$
2182,11185529,
2183,1795,
2184,134813897,PEPTIDE1{Q.R.P.V.N.L.T.M.R.R.K.L.R.K.H.N.C.L.Q.R.R.C.M.P.L.H.S.R.V.P.F.P}$$$$
2185,56842233,PEPTIDE1{H.[Aib].E.G.T.F.T.S.D.V.S.S.Y.L.E.G.Q.A.A.K.E.F.I.A.W.L.V.K.[Aib].R.[am]}$$$$
2186,5283036,
2187,3955,
2188,9847259,
2189,3692,
2190,213046,
2191,16139605,PEPTIDE1{H.G.D.G.S.F.S.D.E.M.N.T.I.L.D.N.L.A.A.R.D.F.I.N.W.L.I.Q.T.K.I.T.D}$$$$
2192,134813902,
2193,37990,
2194,6918446,
2195,57339539,PEPTIDE1{W.L.E.E.E.E.E.A.Y.G.W.M.D.F.[am]}$$$$
2196,53466958,
2197,122220,
2198,9826520,
2199,5487427,
2200,155817393,PEPTIDE1{H.A.D.G.S.F.S.D.E.M.N.T.I.L.D.N.L.A.A.R.D.F.I.N.W.L.I.Q.T.K.I.T.D}$$$$
2201,44537963,
2202,177964,
2203,2551,
2204,54732242,
2205,54459,
2206,73774630,
2207,135399235,
2208,10287037,
2209,77992,
2210,25134303,
2211,56707820,
2212,16659803,
2213,6603756,
2214,644076,"PEPTIDE1{C.Y.F.Q.N.C.P.K.G.[am]}$PEPTIDE1,PEPTIDE1,1:R3-6:R3$$$"
2215,5282340,
2216,9875034,
2217,73755152,
2218,5707,
2219,9794656,
2220,9865528,
2221,114905,
2222,124085867,
2223,2438,
2224,16362,
2225,167993656,
2226,2784,
2227,4541,
2228,134191471,
2229,132181,
2230,51346816,
2231,25243905,
2232,154623230,
2233,2554,
2234,41023370,
2235,2734802,
2236,6438402,
2237,73755157,
2238,985,
2239,62819,"PEPTIDE1{(C,[dC]).(Y,[dY]).[*C(=O)C(C(C)CC)N* |$_R2;;;;;;;;;_R1$|].[*C(=O)C(C(C)O)N* |$_R2;;;;;;;;_R1$|].(N,[dN]).(C,[dC]).(P,[dP]).(L,[dL]).G.[am]}$PEPTIDE1,PEPTIDE1,1:R3-6:R3$$$V2.0"
2240,60919,
2241,58466521,
2242,449645,
2243,25124566,
2244,256208,
2245,25195461,
2246,115348,
2247,1355,
2248,5523,
2249,107970,
2250,52914971,
2251,6918030,
2252,23682233,
2253,10028830,
2254,11442741,
2255,1832,
2256,132574707,
2257,36736,"PEPTIDE1{[Sar].(R,[dR]).(V,[dV]).(Y,[dY]).(V,[dV]).(H,[dH]).(P,[dP]).(A,[dA])}$$$$V2.0"
2258,3071,
2259,135773804,
2260,155817390,PEPTIDE1{F.I.S.D.Y.S.I.A.M.D.K.I.H.Q.Q.D.F.V.N.W.L.L.A.Q.K}$$$$
2261,473142,
2262,11256587,
2263,5284371,
2264,91827350,
2265,165381,
2266,512282,
2267,139030531,
2268,121930,
2269,6914513,
2270,44362115,PEPTIDE1{S.E.E.P.P.I.S.L.D.L.T.F.H.L.L.R.E.V.L.E.M.A.R.A.E.Q.L.A.Q.Q.A.H.S.N.R.K.L.M.E.I.I}$$$$
2271,23650961,
2272,155817483,PEPTIDE1{L.L.G.P.H.A.I.D.N.H.R.S.F.H.D.K.Y.G.L.A}$$$$
2273,10394861,
2274,173871,
2275,16078,
2276,11313361,
2277,73755018,
2278,9805430,
2279,73755072,
2280,4345065,"PEPTIDE1{(H,[dH]).(W,[dW]).(A,[dA]).(W,[dW]).(F,[dF]).(K,[dK]).[am]}$$$$V2.0"
2281,25077495,
2282,9904242,
2283,53252525,
2284,136235465,
2285,182593,
2286,44585949,
2287,56846694,
2288,5281670,
2289,155817397,PEPTIDE1{H.A.D.G.S.F.S.D.E.M.N.T.I.L.D.N.L.A.A.R.D.F.I.N.W.L.I.Q.T.K.I.T.D.Y}$$$$
2290,73755190,
2291,5071702,
2292,18941399,
2293,155817409,PEPTIDE1{F.V.P.I.F.T.Y.G.E.L.Q.R.M}$$$$
2294,155817474,PEPTIDE1{W.T.L.N.S.A.G.Y.L.L.G}$$$$
2295,92135,
2296,5761,
2297,76283707,
2298,62532,
2299,59534386,
2300,46897162,
2301,1894361,
2302,5959,
2303,25175634,
2304,4893,
2305,24199,
2306,122181321,
2307,11597355,
2308,156065422,
2309,16119086,
2310,19323337,
2311,9938402,
2312,101688584,PEPTIDE1{G.Y.P.M.Y.P.L.P.R}$$$$
2313,23056,
2314,71452041,
2315,123797,"PEPTIDE1{(F,[dF]).L.F.Q.P.Q.R.(F,[dF]).[am]}$$$$V2.0"
2316,1349907,
2317,9844019,
2318,148842,
2319,44457632,
2320,50911934,
2321,5281040,
2322,9589606,
2323,5311208,
2324,11646823,
2325,443406,
2326,15948325,
2327,168433298,
2328,60854,
2329,23815478,
2330,132585191,PEPTIDE1{[*C(=O)Cc1cccs1 |$_R2;;;;;;;;$|].W.[*C(=O)[C@](C)(Cc1c[nH]c2c1cccc2)N* |$_R2;;;;;;;;;;;;;;;;_R1$|].R.P.R.N.[am]}$$$$
2331,71770951,
2332,53319341,
2333,121231416,
2334,135398745,
2335,5488548,
2336,57520598,
2337,9799308,
2338,131633366,
2339,30137,
2340,155817478,PEPTIDE1{G.L.L.W.V.E.V.G.G.E.G.P.G.P.T}$$$$
2341,16197445,"PEPTIDE1{R.R.W.C.R.Y.R.K.[dK].P.Y.R.[Cit].C.R}$PEPTIDE1,PEPTIDE1,4:R3-14:R3$$$"
2342,164946906,
2343,155817460,PEPTIDE1{D.F.D.M.L.R.C.M.L.G.R.V.Y.R.P.C.W.Q.V}$$$$
2344,222528,
2345,10255622,
2346,9945530,
2347,2229,
2348,71655433,
2349,132232205,
2350,3100,
2351,56971,
2352,9917025,
2353,11617054,
2354,56844240,
2355,156314,
2356,156297,
2357,11751175,
2358,104787,"PEPTIDE1{Y.[*C(=O)[C@@H](C(C)(C)S*)N* |$_R2;;;;;;;;_R3;;_R1$|].G.F.[*N[C@@H](C(=O)O)C(C)(C)S* |$_R1;;;;;;;;;;_R3$|]}$PEPTIDE1,PEPTIDE1,2:R3-5:R3$$$"
2359,133081,
2360,115002,
2361,9953255,
2362,10132921,
2363,5311352,
2364,91663466,PEPTIDE1{A.K.P.E.A.P.G.E.D.A.S.P.E.E.L.S.R.Y.Y.A.S.L.R.H.Y.L.N.L.V.T.R.Q.R.Y}$$$$
2365,3086547,
2366,5353365,
2367,164885960,
2368,9929033,
2369,59768,
2370,5311493,
2371,5275766,
2372,60168163,
2373,2342,
2374,75919,
2375,9953065,
2376,6604928,
2377,162641136,
2378,155817497,PEPTIDE1{E.G.T.F.T.S.D.V.S.S.Y.L.E.G.Q.A.A.K.E.F.I.A.W.L.V.K.G.R.[am]}$$$$
2379,41693,
2380,135565361,
2381,16118894,
2382,126688,
2383,5702160,
2384,6435402,
2385,11452311,
2386,14016348,
2387,177336,
2388,46207733,
2389,60149,
2390,5462508,
2391,77993,
2392,644077,"PEPTIDE1{C.Y.F.Q.N.C.P.R.G.[am]}$PEPTIDE1,PEPTIDE1,1:R3-6:R3$$$"
2393,127728,
2394,10605470,
2395,3348,
2396,3290,
2397,118308507,
2398,11501277,
2399,119192,
2400,25099191,
2401,11743147,
2402,3037233,
2403,19088577,
2404,151171,
2405,6441636,
2406,5717,
2407,5035,
2408,53318014,
2409,107992,
2410,39147,
2411,26388,
2412,123739,
2413,5826,
2414,53325948,
2415,10192854,
2416,5311006,
2417,11610682,
2418,10245039,
2419,6604121,
2420,10403687,
2421,119570,
2422,5312287,
2423,6437074,
2424,73755208,
2425,73755007,
2426,5312830,
2427,5311147,
2428,68764898,
2429,101110542,PEPTIDE1{R.C.M.L.G.R.V.Y.R.P.C.W}$$$$
2430,121596705,
2431,46866109,
2432,12895728,
2433,91885483,
2434,60846,
2435,87653,
2436,71727383,
2437,1328,
2438,122322,
2439,107757,
2440,9937534,
2441,73755142,
2442,132345,
2443,5311459,PEPTIDE1{[c1cc(ccc1[C@@H](C(=O)O)N)C(=O)O]}$$$$
2444,676454,
2445,14533720,
2446,9798547,
2447,15234606,PEPTIDE1{A.L.K.A.W.S.V.A.R}$$$$
2448,11556309,
2449,5312145,
2450,10101670,
2451,16363,
2452,167993657,
2453,5283387,
2454,5311070,
2455,134264089,
2456,10426487,
2457,134210715,
2458,49799093,PEPTIDE1{F.L.P.L.A.R}$$$$
2459,6918553,
2460,216237,
2461,5280778,
2462,3042,
2463,9918079,
2464,145996513,PEPTIDE1{R.F.G.I.P.M.D.R.I.G.R.N.R.L.S.N.S.R.G}$$$$
2465,132947,
2466,16739288,
2467,5360696,
2468,119368,
2469,11530404,
2470,53354764,
2471,53330936,"PEPTIDE1{C.F.I.[*C(=O)[C@H](CCCC(=O)N)N* |$_R2;;;;;;;;;;;_R1$|].N.C.P.[*C(=O)[C@H](CCCNC(C)C)N* |$_R2;;;;;;;;;;;;_R1$|].G.[am]}$PEPTIDE1,PEPTIDE1,1:R3-6:R3$$$"
2472,9855027,
2473,59448166,
2474,166633833,
2475,91799238,
2476,46700761,
2477,118965258,
2478,155817392,PEPTIDE1{H.A.D.G.S.F.S.D.E.M.N.T.I.L.D.N.L.A.T.R.D.F.I.N.W.L.I.Q.T}$$$$
2479,10184665,
2480,90469849,PEPTIDE1{G.W.T.L.N.S.A.G.Y.L.L.G.P.H.A.V.G.N.H}$$$$
2481,25126427,
2482,129989,
2483,23786507,
2484,4630,
2485,154699458,
2486,1550579,PEPTIDE1{[C(CP(=O)(O)O)[C@H](C(=O)O)N]}$$$$
2487,5461154,
2488,10111831,
2489,49843471,
2490,53358901,
2491,61503,
2492,53262890,
2493,135413538,
2494,53323315,
2495,51,
2496,118877241,
2497,16132429,"PEPTIDE1{(C,[dC]).[*C(=O)C(C(C)O)N* |$_R2;;;;;;;;_R1$|].(C,[dC]).(N,[dN]).(D,[dD]).(M,[dM]).[*C(=O)C(C(C)O)N* |$_R2;;;;;;;;_R1$|].(D,[dD]).(E,[dE]).(E,[dE]).(C,[dC]).(L,[dL]).(N,[dN]).(F,[dF]).(C,[dC]).(H,[dH]).(Q,[dQ]).(D,[dD]).(V,[dV]).[*C(=O)C(C(C)CC)N* |$_R2;;;;;;;;;_R1$|].(W,[dW])}$PEPTIDE1,PEPTIDE1,3:R3-11:R3|PEPTIDE1,PEPTIDE1,1:R3-15:R3$$$V2.0"
2498,57521365,
2499,16131528,"PEPTIDE1{R.R.R.C.Y.[Cit].K.[*C(=O)[C@@H](CCCNC(=O)N)N* |$_R2;;;;;;;;;;;;_R1$|].P.Y.R.[Cit].C.R.[am]}$PEPTIDE1,PEPTIDE1,4:R3-13:R3$$$"
2500,140511,
2501,133081960,
2502,11954197,
2503,167993664,
2504,42641863,
2505,5311462,
2506,1150,
2507,135515453,
2508,9953599,
2509,139600925,"PEPTIDE1{E.D.C.K.Y.I.V.V.E.K.K.D.P.K.K.T.C.S.V.S.E.W.I.I}$PEPTIDE1,PEPTIDE1,3:R3-17:R3$$$"
2510,5311007,
2511,3074331,
2512,73755212,
2513,9956146,
2514,9912992,
2515,11410354,
2516,3749,
2517,139368780,
2518,142620206,
2519,46207731,
2520,49789112,
2521,107681,
2522,9847290,
2523,383414,"PEPTIDE1{(F,[dF]).(C,[dC]).(F,[dF]).(W,[dW]).(K,[dK]).[*C(=O)C(C(C)O)N* |$_R2;;;;;;;;_R1$|].(C,[dC]).[*NC(CO)C(C)O |$_R1;;;;;;;$|]}$PEPTIDE1,PEPTIDE1,2:R3-7:R3$$$V2.0"
2524,9841259,
2525,8378,
2526,73755222,
2527,155817492,PEPTIDE1{S.G.I.V.Q.Q.Q.N.N.L.L.R.A.I.E.A.Q.Q.H.L.L.Q.L.T.V.W.G.I.K.Q.L.Q.A.R.I.L}$$$$
2528,4038180,
2529,10282265,
2530,261491,
2531,155771774,
2532,24748735,
2533,145996523,
2534,24771260,
2535,16020046,
2536,145996515,PEPTIDE1{R.R.P.V.K.V.Y.P.N.V.A.E.N.E.S.A.E.A.F.P.L.E.F}$$$$
2537,11537456,
2538,164437,
2539,122265,
2540,44405854,
2541,9890801,
2542,167993659,
2543,57339564,PEPTIDE1{S.P.E.E.L.S.R.Y.Y.A.S.L.R.H.Y.L.N.L.V.T.R.Q.R.Y}$$$$
2544,5191,
2545,134324842,
2546,10501053,
2547,10453764,
2548,9801039,
2549,42607474,
2550,155817479,PEPTIDE1{A.G.Y.L.L.G.P.H.A.I.D.N.H.R.S.F.H.D.K.Y.G.L.A}$$$$
2551,4081,
2552,5361881,
2553,171037457,
2554,155817522,
2555,5311261,
2556,10338547,
2557,5312138,
2558,95882507,
2559,188397,
2560,16131028,
2561,134813890,PEPTIDE1{M.M.W.L.L}$$$$
2562,3034396,
2563,1864,
2564,122588231,
2565,73755154,
2566,46911385,
2567,27902,PEPTIDE1{[CCCCCCCCCCCCCCCCCC(=O)NCCO]}$$$$
2568,101493753,PEPTIDE1{E.Y.W.S.L.A.A.P.Q.R.F.[am]}$$$$
2569,155817386,PEPTIDE1{C.S.C.S.S.W.L.D.K.E.C.V.Y.F.C.H.L.D.I.I.W}$$$$
2570,137321165,
2571,104741,
2572,11527495,
2573,154733035,
2574,145996521,
2575,161273,
2576,53317992,
2577,44086933,
2578,108185,
2579,25128145,
2580,9909267,
2581,134611881,PEPTIDE1{L.L.G.D.F.F.R.K.S.K.E.K.I.G.K.E.F.K.R.I.V.Q.R.I.K.D.F.L.R.N.L.V.P.R.T.E.S}$$$$
2582,24749700,
2583,5284643,
2584,10400683,
2585,9851724,
2586,11589975,
2587,73755153,
2588,137364063,
2589,73755119,
2590,9957516,
2591,127043376,PEPTIDE1{C.M.P.L.H.S.R.V.P.F.P}$$$$
2592,123953,
2593,9995893,
2594,71737672,
2595,9888194,
2596,446284,
2597,10894911,
2598,73755158,
2599,137076846,
2600,154733030,PEPTIDE1{F.G.G.F.M.R.R.K}$$$$
2601,2157,
2602,30844,
2603,6438353,
2604,11226090,
2605,5311479,
2606,155817485,PEPTIDE1{A.P.A.H.R.G.R.G.G.W.T.L.N.S.A.G.Y.L.L.G.P.V.L.H.L.P.Q.M.G.D.Q.D}$$$$
2607,16122905,
2608,6323481,
2609,155817456,PEPTIDE1{C.S.N.L.S.T.C.V.L.G.K.L.S.Q.E.L.H.K.L.Q.T.Y.P.R.T.N.T.G.S.G.T.P.[am]}$$$$
2610,6603900,
2611,5311375,
2612,40924317,
2613,134813896,PEPTIDE1{W.W.D.R.R.W.R.A.S.K.L.G.L.A.R}$$$$
2614,10428383,
2615,4086,
2616,72188743,
2617,9821941,
2618,2678,
2619,667477,
2620,3567002,
2621,10408514,
2622,153520922,
2623,19023535,
2624,36511,PEPTIDE1{R.P.K.P.Q.Q.F.F.G.L.M.[am]}$$$$
2625,155817384,PEPTIDE1{K.P.V.S.L.S.Y.R.C.P.C.R.F.F.E.S.H}$$$$
2626,9805719,
2627,16158367,PEPTIDE1{V.G.R.P.E.W.W.M.D.Y.Q.K.R.Y.G}$$$$
2628,11281345,
2629,9681,
2630,4412255,
2631,73755180,
2632,9862598,
2633,5139184,
2634,16172435,PEPTIDE1{C.S.C.S.S.L.M.D.K.E.C.V.Y.F.C.H.L.D.I.I.W}$$$$
2635,49834265,
2636,5480230,
2637,65064,
2638,10341876,
2639,11535913,
2640,9838022,
2641,129776,
2642,9998187,
2643,9841438,
2644,9838712,
2645,6857802,
2646,9798456,
2647,25240297,PEPTIDE1{Y.N.W.N.S.F.G.L.R.F.[am]}$$$$
2648,9913085,
2649,42601503,
2650,2170,
2651,168433297,
2652,52951677,
2653,155817427,PEPTIDE1{A.V.S.E.H.Q.L.L.H.D.K.G.K.S.I.Q.D.L.R.R.R.E.W.L.R.K.K.L.Q.D.V.H.N.F}$$$$
2654,2733526,
2655,5311037,
2656,11717831,
2657,73755059,
2658,11692123,
2659,134813898,PEPTIDE1{T.F.I.S.D.Y.S.I.A.M.D.K.I.H.Q.Q.D.F.V.N.W.L.L.A.Q.K.G.K.K.N.D.W.K}$$$$
2660,11306423,
2661,49848070,
2662,135409453,
2663,5311100,
2664,23631116,
2665,65895,
2666,9819927,
2667,49843739,
2668,146417,
2669,5311424,
2670,11429930,
2671,119,
2672,167993663,
2673,5403,
2674,6918513,
2675,3603,
2676,10358392,
2677,5311001,
2678,10438479,
2679,10275802,
2680,156587569,
2681,443652,
2682,44570980,
2683,196968,
2684,73442763,
2685,115219,
2686,90471461,
2687,23654676,
2688,3964633,PEPTIDE1{[CC(COP(=O)(O)O)(C(=O)O)N]}$$$$
2689,16219334,"PEPTIDE1{C.[*C(=O)[C@H](C(C)O)N* |$_R2;;;;;;;;_R1$|].C.F.[*C(=O)[C@H](C(C)O)N* |$_R2;;;;;;;;_R1$|].Y.K.D.K.E.C.V.Y.Y.C.H.L.D.I.I.W}$PEPTIDE1,PEPTIDE1,3:R3-11:R3|PEPTIDE1,PEPTIDE1,1:R3-15:R3$$$"
2690,130169,
2691,9601084,
2692,5202,
2693,50225,
2694,11501506,
2695,5310951,PEPTIDE1{K.R.P.P.G.F.S.P.L}$$$$
2696,71349,"PEPTIDE1{[*C(=O)C(Cc1ccc2ccccc2c1)N |$_R2;;;;;;;;;;;;;;;$|].(C,[dC]).(Y,[dY]).(W,[dW]).(K,[dK]).(V,[dV]).(C,[dC]).[*NC(C(C)O)C(=O)N |$_R1;;;;;;;;$|]}$PEPTIDE1,PEPTIDE1,2:R3-7:R3$$$V2.0"
2697,176157,
2698,46891771,
2699,25088319,
2700,86277838,
2701,9853822,
2702,3035842,
2703,2370,
2704,56947094,
2705,6918320,
2706,9833519,
2707,190945,
2708,5311202,
2709,3025961,
2710,10058919,
2711,11367166,
2712,71308750,PEPTIDE1{Y.G.G.F.M.T.S.E.K.S.Q.T.P.L.V.T.L.F.K.N.A.I.I.K.N.V.H.K.K.G.Q}$$$$
2713,439201,PEPTIDE1{R.P.P.G.F.S.P.F.R}$$$$
2714,619101,
2715,5311400,PEPTIDE1{[*C(=O)[C@H](Cc1c[nH]c2c1cccc2)NC(=O)CC(=O)O |$_R2;;;;;;;;;;;;;;;;;;;;$|].[*C(=O)[C@H](CCCC)N(*)C |$_R2;;;;;;;;;_R1;$|].D.F.[am]}$$$$
2716,53316647,
2717,449663,
2718,44284383,
2719,73755156,
2720,118124117,
2721,1367095,
2722,9839317,
2723,3696,
2724,5311501,
2725,155817473,PEPTIDE1{G.W.T.L.N.S.A.G.Y.L.L}$$$$
2726,5312112,
2727,10367662,
2728,4768,
2729,3645780,
2730,164886639,
2731,10348659,
2732,1093278,
2733,3035850,
2734,125468,
2735,121231404,
2736,162679539,
2737,9576912,
2738,11132720,
2739,73755223,
2740,145996514,"PEPTIDE1{Y.G.Q.V.P.M.C.D.A.G.E.Q.C.A.V.R.K.G.A.R.I.[am]}$PEPTIDE1,PEPTIDE1,7:R3-13:R3$$$"
2741,134813891,PEPTIDE1{A.H.R.G.R.G.G.W.T.L.N.S.A.G.Y.L.L.G.P.V.L.H.L.P.Q.M.G.D.Q.D}$$$$
2742,2733504,
2743,11658860,
2744,4397,
2745,10461270,
2746,135443367,
2747,126961335,
2748,16033,
2749,128355,
2750,47811,
2751,54562,
2752,5311452,
2753,121881,
2754,4259181,
2755,5311224,
2756,11504295,
2757,5311003,PEPTIDE1{Y.G.G.F.L.R.K.Y.P.K}$$$$
2758,11667832,
2759,123794,"PEPTIDE1{[*C(=O)[C@H](Cc1ccc(cc1)O)NC(=O)c2cccnc2 |$_R2;;;;;;;;;;;;;;;;;;;;$|].K.H.P.I}|PEPTIDE2{[*C(=O)[C@H](CCCNC(=N)N)NC(=O)OCc1ccccc1 |$_R2;;;;;;;;;;;;;;;;;;;;;$|]}$PEPTIDE1,PEPTIDE2,2:R3-1:R2$$$"
2760,24952929,
2761,73754994,
2762,5405,
2763,16136245,PEPTIDE1{[ac].[*C(=O)[C@@H](Cc1ccc2ccccc2c1)N* |$_R2;;;;;;;;;;;;;;;;_R1$|].[*C(=O)[C@@H](Cc1ccc(cc1)Cl)N* |$_R2;;;;;;;;;;;;;_R1$|].[*C(=O)[C@@H](Cc1cccnc1)N* |$_R2;;;;;;;;;;;;_R1$|].S.[*C(=O)[C@H](Cc1ccc(cc1)NC(=O)[C@@H]2CC(=O)NC(=O)N2)N* |$_R2;;;;;;;;;;;;;;;;;;;;;;;_R1$|].[*C(=O)[C@@H](Cc1ccc(cc1)NC(=O)N)N* |$_R2;;;;;;;;;;;;;;;;_R1$|].L.[*C(=O)[C@H](CCCCNC(C)C)N* |$_R2;;;;;;;;;;;;;_R1$|].P.[dA].[am]}$$$$
2764,44391713,
2765,2766326,
2766,5926,
2767,122211,
2768,2355,
2769,4192,
2770,126970682,
2771,92613,
2772,4273754,
2773,46894021,
2774,11950660,
2775,16659802,
2776,443390,
2777,11270783,
2778,156304705,
2779,10436045,
2780,135416058,
2781,2874943,
2782,155817429,PEPTIDE1{L.L.H.D.K.G.K.S.I.Q.D.L.R.R.R.F.F.L.H.H.L.I.A.E.I.H.T.A}$$$$
2783,11625520,
2784,10278166,
2785,56945626,
2786,9911469,
2787,155817435,PEPTIDE1{T.P.D.I.N.P.A.W.Y.A.S.R.G.I.R.P.V.G.R.F.[am]}$$$$
2788,774,
2789,155817457,PEPTIDE1{[Glp].P.L.P.D.C.C.R.Q.K.T.C.S.C.R.L.Y.E.L.L.H.G.A.G.N.H.A.A.G.I.L.T.L.[am]}$$$$
2790,5359421,
2791,3505,
2792,11716665,
2793,46912833,
2794,16046160,
2795,17268,"PEPTIDE1{[*C(=O)C1CCC(=O)N1 |$_R2;;;;;;;;$|].(A,[dA]).(D,[dD]).(P,[dP]).(N,[dN]).(K,[dK]).(F,[dF]).(Y,[dY]).G.(L,[dL]).(M,[dM]).[am]}$$$$V2.0"
2796,89532783,
2797,2071,
2798,44358893,
2799,156587567,
2800,24825775,
2801,11617815,
2802,10148412,PEPTIDE1{Y.F.L.F.R.P.R.N}$$$$
2803,1734,
2804,52949124,
2805,44623998,
2806,10253143,
2807,57377246,
2808,64971,
2809,9850711,
2810,5961,PEPTIDE1{Q}$$$$
2811,15118529,
2812,10146183,PEPTIDE1{T.F.L.L.R.[am]}$$$$
2813,71446540,
2814,5962,PEPTIDE1{K}$$$$
2815,4077460,
2816,169422747,
2817,6426760,
2818,53384841,
2819,44407389,
2820,5311268,
2821,10221256,
2822,10459564,
2823,5387,
2824,51045,
2825,2083,
2826,9864831,
2827,71308636,PEPTIDE1{A.S.A.S.S.L.M.D.K.E.A.V.Y.F.A.H.L.D.I.I.W}$$$$
2828,9806449,
2829,5312129,
2830,146294,
2831,123879,
2832,3654103,
2833,9978917,
2834,44386062,"PEPTIDE1{A.G.[dC].[dK].N.[dF].F.[dW].K.[*C(=O)[C@@H]([C@@H](C)O)N* |$_R2;;;;;;;;_R1$|].S.C}$PEPTIDE1,PEPTIDE1,3:R3-12:R3$$$"
2835,1987175,
2836,24180510,
2837,9866696,
2838,27400,
2839,9833444,PEPTIDE1{D.[*C(=O)[C@H](Cc1ccc(cc1)OS(=O)(=O)O)N* |$_R2;;;;;;;;;;;;;;;;;_R1$|].M.G.W.M.D.F.[am]}$$$$
2840,5311223,
2841,24889797,
2842,46836562,
2843,9873836,
2844,126079,
2845,107847,PEPTIDE1{Y.[dS].G.F.L.T}$$$$
2846,114750,
2847,9816339,
2848,122334,
2849,2689,
2850,73755162,
2851,44600763,
2852,71203,
2853,3086114,PEPTIDE1{Y.G.G.F.L.R.R.I.R.P.K}$$$$
2854,101205709,PEPTIDE1{[Glp].S.E.E.G.G.S.N.A.T.K.K.P.Y.I.L}$$$$
2855,443363,PEPTIDE1{Y.G.G.F.M}$$$$
2856,121231413,
2857,3123920,
2858,6005,
2859,91820689,
2860,46182736,
2861,14660352,
2862,252696,
2863,9824353,
2864,5310936,
2865,4078,
2866,5428913,
2867,72737723,
2868,114697,
2869,73755219,
2870,5442665,
2871,68379135,
2872,3248571,
2873,11842633,
2874,16219545,
2875,5311175,
2876,11710462,
2877,10204312,
2878,9917716,
2879,56052,
2880,10483085,
2881,172997,
2882,135443359,
2883,5284596,
2884,4205,
2885,15608077,
2886,9911463,
2887,4114,
2888,11373218,
2889,107686,
2890,10282223,
2891,167715,
2892,443391,
2893,16725999,
2894,165412766,
2895,938,
2896,56840673,
2897,6321351,
2898,126843232,
2899,2712,
2900,155817481,PEPTIDE1{T.L.N.S.A.G.Y.L.L.G.P.H.A.I.D.N.H.R.S.F.S.D.K.H.G.L.T}$$$$
2901,6438757,
2902,135458101,
2903,6917707,PEPTIDE1{Y.[dA].G.F.[dL]}$$$$
2904,10150497,
2905,54587590,
2906,6050,
2907,10020451,
2908,638678,PEPTIDE1{[Glp].H.P.[am]}$$$$
2909,73754999,
2910,6439414,
2911,71816200,
2912,2267,
2913,73755048,
2914,16162729,"PEPTIDE1{[ac].(S,[dS]).(Y,[dY]).(S,[dS]).(M,[dM]).(E,[dE]).(H,[dH]).(F,[dF]).(R,[dR]).(W,[dW]).G.(K,[dK]).(P,[dP]).(V,[dV]).[am]}$$$$V2.0"
2915,5311500,
2916,441071,
2917,15508178,
2918,9831652,
2919,197584,
2920,155817396,PEPTIDE1{D.G.S.F.S.D.E.M.N.T.I.L.D.N.L.A.T.R.D.F.I.N.W.L.I.Q.T.K.I.T.D}$$$$
2921,73754995,
2922,11282871,
2923,73755254,
2924,73755255,
2925,5886965,
2926,86277836,
2927,24768606,
2928,187,
2929,5892,
2930,70812729,
2931,4581,
2932,42608431,
2933,10174453,RNA1{[*P(=O)(O)OP(=O)(O)OP(=O)(O)O |$_R2;;;;;;;;;;;;|]R([*n1ccc(=O)[nH]c1=S |$_R1;;;;;;;;$|])}$$$$
2934,42645487,
2935,124155515,
2936,91827379,
2937,5311416,
2938,115205,
2939,123777,PEPTIDE1{[Glp].H.W.S.Y.G.L.Q.P.G.[am]}$$$$
2940,121445232,
2941,124226,
2942,3901842,
2943,54585418,
2944,36294,
2945,1342,
2946,14343211,
2947,9618971,
2948,135433658,
2949,7433743,
2950,44278361,PEPTIDE1{H.S.Q.G.T.F.T.S.D.Y.S.K.Y.L.D.S.R.R.A.Q.D.F.V.Q.W.L.M.N.T}$$$$
2951,6536812,
2952,23897,
2953,5310960,
2954,155817387,PEPTIDE1{A.K.K.V.F.K.R.L.E.K.L.F.S.K.I.Q.N.D.K}$$$$
2955,1797,
2956,10904818,
2957,125348,
2958,43216,
2959,53262902,
2960,11176403,
2961,72276,
2962,73755034,
2963,46245518,
2964,3037456,
2965,9867750,
2966,5311194,
2967,5311058,"PEPTIDE1{[dF].C.Y.[dW].[Orn].T.[Pen].T.[am]}$PEPTIDE1,PEPTIDE1,2:R3-7:R3$$$"
2968,44442431,
2969,789353,
2970,177233,
2971,5311426,
2972,155817526,
2973,162565,RNA1{[*P(=O)(O)OP(=O)(O)OP(=O)(O)O |$_R2;;;;;;;;;;;;|]R([*n1cnc2c1nc(nc2N)Cl |$_R1;;;;;;;;;;;$|])}$$$$
2974,49858118,
2975,135409562,
2976,2440433,
2977,6956374,
2978,10479060,
2979,91827377,
2980,22960366,
2981,10531,
2982,5282443,
2983,11494579,
2984,21123938,
2985,24954989,
2986,117900,
2987,117072558,PEPTIDE1{[*C(=O)Cc1cccs1 |$_R2;;;;;;;;$|].W.[*C(=O)[C@H](Cc1ccc(cc1)F)N* |$_R2;;;;;;;;;;;;;_R1$|].R.P.R.N.[am]}$$$$
2988,5318517,
2989,9818802,
2990,44290899,PEPTIDE1{H.A.E.G.T.F.T.S.D.V.S.S.Y.L.E.G.Q.A.A.K.E.F.I.A.W.L.V.K.G.R.G}$$$$
2991,10404587,
2992,33624,
2993,145996511,PEPTIDE1{L.W.V.V.P.G.A.L.P.Q.V}$$$$
2994,5322194,
2995,71308726,"PEPTIDE1{C.S.C.K.D.M.T.D.K.E.C.L.Y.F.C.H.Q.D.V.I.W}$PEPTIDE1,PEPTIDE1,3:R3-11:R3|PEPTIDE1,PEPTIDE1,1:R3-15:R3$$$"
2996,40539,
2997,104929,
2998,3033538,
2999,5282411,
3000,168510218,
3001,44353447,
3002,91827349,
3003,73755052,
3004,4449,
3005,119304,
3006,73755043,
3007,644019,
3008,122021,
3009,9898183,"PEPTIDE1{[ac].[Nle].D.H.[*C(=O)[C@@H](Cc1ccc2ccccc2c1)N* |$_R2;;;;;;;;;;;;;;;;_R1$|].R.W.K.[am]}$PEPTIDE1,PEPTIDE1,3:R3-8:R3$$$"
3010,11646235,
3011,72277,
3012,135398737,
3013,155817486,PEPTIDE1{A.P.A.H.R.S.S.T.F.P.Q.R.P.T.R.A.G.R.Q.T.Q.L.L.R.S}$$$$
3014,124221649,
3015,443389,
3016,2247,
3017,10287730,
3018,102129367,
3019,71580550,
3020,2585,
3021,5281969,
3022,4911,
3023,23582412,
3024,11848225,
3025,11256720,
3026,11636757,
3027,135401973,
3028,1978,
3029,115335,PEPTIDE1{Y.P.[meF].[dP].[am]}$$$$
3030,444031,
3031,53374958,
3032,9935175,
3033,36295259,
3034,750,PEPTIDE1{G}$$$$
3035,132629,
3036,4250909,
3037,11136,
3038,9976563,
3039,121231409,
3040,25074458,PEPTIDE1{L.E.S.I.F.R.S.L.L.F.R.V.M}$$$$
3041,154059,
3042,5268,
3043,46862051,
3044,25210130,
3045,65304,
3046,10158373,
3047,60768,
3048,6604866,
3049,10000456,
3050,155817401,PEPTIDE1{K.D.L.P.N.Y.N.W.N.S.F.G.L.R.F}$$$$
3051,5355,
3052,66004,
3053,119357,
3054,62065,
3055,11696674,
3056,3080871,PEPTIDE1{[*C(=O)[C@H](C=S)N |$_R2;;;;;;$|].Y.I.T.N.C.G.L.G.[am]}$$$$
3057,888023,
3058,90478321,
3059,9905972,
3060,53391766,
3061,132937,
3062,32051,
3063,16656889,
3064,132927,
3065,89560738,
3066,42604859,
3067,3083288,
3068,155817430,PEPTIDE1{A.L.A.D.D.A.A.F.R.E.R.A.R.L.L.A.A.L.E.R.R.H.W.L.N.S.Y.M.H.K.L.L.V.L.D.A.P}$$$$
3069,44358908,
3070,73755057,
3071,155817434,PEPTIDE1{D.A.A.F.R.E.R.A.R.L.L.A.A.L.E.R.R.R.W.L.D.S.Y.M.Q.K.L.L.L.L.D.A.P}$$$$
3072,25020407,
3073,91623352,PEPTIDE1{[*C(=O)CCc1cccnc1 |$_R2;;;;;;;;;;$|].[Nal].F.R.P.R.N.[am]}$$$$
3074,9915610,
3075,25110470,
3076,10176414,
3077,10257,
3078,11182062,
3079,9933831,
3080,164904685,
3081,9931205,
3082,71587842,"PEPTIDE1{K.C.N.T.A.T.C.V.L.G.R.L.S.Q.E.L.H.R.L.Q.T.Y.P.R.T.N.T.G.S.N.T.Y.[am]}$PEPTIDE1,PEPTIDE1,2:R3-7:R3$$$"
3083,1229,
3084,6604758,
3085,2783,
3086,219077,
3087,53238781,
3088,104766,
3089,5312130,
3090,23121947,
3091,65906,
3092,91827360,
3093,836002,
3094,73755201,
3095,6485181,
3096,6918505,
3097,9904703,
3098,60835,
3099,5280914,
3100,91827368,
3101,5281616,
3102,5353646,
3103,133008,
3104,5497152,
3105,9891167,
3106,25150014,
3107,16131448,PEPTIDE1{F.G.G.F.T.G.A.R.K.S.A.R.K.L.A.N.Q}$$$$
3108,73571,
3109,134813882,PEPTIDE1{D.D.P.P.L.S.I.D.L.T.F.H.L.L.R.T.L.L.E.L.A.R.T.Q.S.Q.R.E.R.A.E.Q.N.R.I.I.F.D.S.V.[am]}$$$$
3110,4402318,
3111,5312146,
3112,57369426,
3113,5504,
3114,57242,
3115,44250176,
3116,10034108,PEPTIDE1{R.P.P.G.F.S.P.Y.R}$$$$
3117,16762479,
3118,2882724,
3119,25125217,
3120,8974,RNA1{R([*n1cnc2c1nc(nc2N)Cl |$_R1;;;;;;;;;;;$|])}$$$$
3121,44129648,
3122,49822115,
3123,5312144,
3124,52938426,
3125,17757220,
3126,73777063,
3127,6445230,
3128,9797568,
3129,121231405,
3130,9953766,
3131,70686617,"PEPTIDE1{[*C(=O)[C@H](CC(=O)O)N* |$_R2;;;;;;;;;_R1$|].P.[dV].L.[dW]}$PEPTIDE1,PEPTIDE1,5:R2-1:R1$$$"
3132,10197984,
3133,447043,
3134,31101,
3135,25107716,
3136,45275554,
3137,1243,
3138,73755039,
3139,2541,
3140,9910352,
3141,134687593,PEPTIDE1{[Glp].L.G.P.Q.G.P.P.H.L.V.A.D.P.S.K.K.Q.G.P.W.L.E.E.E.E.E.A.Y.G.W.M.D.F.[am]}$$$$
3142,10324083,
3143,44599207,
3144,115007,
3145,36811,
3146,53358422,
3147,3033769,
3148,5280884,
3149,130429734,
3150,9949656,
3151,6422124,
3152,73755227,
3153,135476605,
3154,16130938,PEPTIDE1{[ac].[*C(=O)[C@@H](Cc1ccc2ccccc2c1)N* |$_R2;;;;;;;;;;;;;;;;_R1$|].[*C(=O)[C@@H](Cc1ccc(cc1)Cl)N* |$_R2;;;;;;;;;;;;;_R1$|].[*C(=O)[C@@H](Cc1cccnc1)N* |$_R2;;;;;;;;;;;;_R1$|].S.[*C(=O)[C@H](CCCCNC(=O)c1cccnc1)N* |$_R2;;;;;;;;;;;;;;;;;;_R1$|].[*C(=O)[C@@H](CCCCNC(=O)c1cccnc1)N* |$_R2;;;;;;;;;;;;;;;;;;_R1$|].L.[*C(=O)[C@H](CCCCNC(C)C)N* |$_R2;;;;;;;;;;;;;_R1$|].P.[dA].[am]}$$$$
3155,73755075,
3156,73755191,
3157,9810391,
3158,23670447,
3159,133017,
3160,10500941,
3161,60602,
3162,23642339,
3163,6451149,
3164,5311293,
3165,60809,
3166,6440220,
3167,442138,
3168,10141039,
3169,10130594,
3170,9800980,
3171,3494,
3172,67209274,
3173,5311148,
3174,91536,
3175,123807,
3176,135242184,
3177,4644453,
3178,134296695,
3179,9903757,
3180,9948645,
3181,155817407,PEPTIDE1{F.V.P.I.F.T.Y.S.E.L.Q.R.M.Q.E.R.E.R.N.R.G.H}$$$$
3182,3386,
3183,10813088,
3184,6954180,
3185,5073,
3186,5284570,
3187,11452022,
3188,5283560,
3189,123606,
3190,54579974,
3191,46866192,
3192,443951,
3193,3645619,
3194,9963005,PEPTIDE1{[ac].R.Y.Y.R.I.K.[am]}$$$$
3195,491774,
3196,6918493,
3197,25254550,PEPTIDE1{Y.I.P.I.Q.Y.V.L.S.R}$$$$
3198,17253208,
3199,91933514,PEPTIDE1{W.W.G.K.K.Y.R.A.S.K.L.G.L.A.R}$$$$
3200,134495,
3201,155817452,PEPTIDE1{A.G.E.G.L.N.S.Q.F.W.S.L.A.A.P.Q.R.F}$$$$
3202,10337743,
3203,171037444,
3204,637542,
3205,46198579,
3206,11250647,
3207,9891901,
3208,16137828,
3209,25147749,
3210,171061356,
3211,71310,
3212,3055,
3213,11722867,
3214,6590,
3215,134611880,PEPTIDE1{S.Y.S.M.E.H.F.R.W.G.K.P.V.G.K.K.R.R.P.V.K.V.Y.P.N.G.A.E.D.E.S.A.E.A.F.P.L.E.F}$$$$
3216,46190878,
3217,492392,
3218,161880,
3219,5359371,
3220,127861,
3221,73755055,
3222,107780,
3223,11434515,
3224,3845,
3225,135018,
3226,28693,
3227,9847605,
3228,91827341,
3229,71559428,
3230,444718,
3231,138811017,
3232,59259095,
3233,9950564,
3234,393595,
3235,71183,
3236,11200189,
3237,73755224,
3238,9852833,
3239,128805,
3240,6435378,
3241,4634,
3242,10680,
3243,188803,PEPTIDE1{[ac].D.E}$$$$
3244,86582973,
3245,46226252,
3246,3960,
3247,5312125,
3248,5311481,
3249,10079900,PEPTIDE1{M.Y.F.I.N.I.L.T.L}$$$$
3250,5128451,"PEPTIDE1{(R,[dR]).(P,[dP]).(P,[dP]).G.(F,[dF]).(S,[dS]).(P,[dP]).(F,[dF])}$$$$V2.0"
3251,656400,
3252,4874764,
3253,6436265,
3254,2475,
3255,163395232,
3256,154578239,
3257,28864,
3258,51576,
3259,1001,
3260,9871419,
3261,9852373,
3262,6603851,
3263,168429725,
3264,2180,
3265,10593671,
3266,4980,
3267,24994634,
3268,135403798,
3269,74015851,
3270,56947140,
3271,644212,
3272,62867,
3273,16681707,
3274,9890547,
3275,177236,
3276,5163,
3277,445154,
3278,46854655,
3279,11192346,
3280,1152206,PEPTIDE1{[c1ccc(c(c1)C(=O)C[C@H](C(=O)O)N)N]}$$$$
3281,5311371,
3282,5452,
3283,73294508,
3284,3033941,RNA1{[*P(=O)(O)OP(=O)(O)OP(=O)(O)O |$_R2;;;;;;;;;;;;|]R([*n1ccc(=S)[nH]c1=O |$_R1;;;;;;;;$|])}$$$$
3285,44557636,
3286,155817447,PEPTIDE1{Y.G.G.F.L.R.R.I.R.P.K.L.K.W.D.N.Q.K.R.Y.G.G.F.L.R.R.Q.F.K.V.V.T}$$$$
3287,445675,
3288,2477,
3289,10279142,
3290,13544016,
3291,46216676,
3292,4946,
3293,39860,
3294,10259588,
3295,91938095,
3296,5311216,
3297,25078060,PEPTIDE1{Q.R.P.R.L.S.H.K.G.P.M.P.F}$$$$
3298,128018,
3299,9915499,
3300,45073499,
3301,5361092,
3302,11492393,
3303,49843508,
3304,155817421,PEPTIDE1{H.Y.I.N.L.I.T.R.Q.R.Y}$$$$
3305,5311057,
3306,73754996,
3307,6444688,
3308,44481866,
3309,716121,
3310,16132914,"PEPTIDE1{[*C(=O)C1CCC(=O)N1 |$_R2;;;;;;;;$|].(H,[dH]).(W,[dW]).(S,[dS]).(Y,[dY]).G.(W,[dW]).(L,[dL]).(P,[dP]).G.[am]}$$$$V2.0"
3311,9810140,
3312,16757050,
3313,3854666,
3314,9818903,
3315,17198004,
3316,15965425,
3317,114904,
3318,137321147,
3319,10254379,
3320,24905375,
3321,71781,
3322,60182,
3323,155817415,PEPTIDE1{Y.V.P.N.L.P.Q.R.F.[am]}$$$$
3324,5311015,
3325,16659801,
3326,44602,
3327,208902,
3328,73755045,
3329,119146,
3330,91810287,
3331,16659967,
3332,59822766,
3333,16133800,PEPTIDE1{[Glp].Q.R.L.G.N.Q.W.A.V.G.H.L.M.[am]}$$$$
3334,941651,
3335,1833,
3336,46847262,
3337,4874768,
3338,134611895,
3339,10065953,
3340,132427684,
3341,134813885,PEPTIDE1{F.H.L.L.R.K.I.E.I.E.K.Q.E.K.E.K.Q.Q.A.A.N.N.R.L.L.L.D.T.I}$$$$
3342,16004692,
3343,9823886,
3344,25195463,
3345,121990,
3346,11363176,
3347,6604712,PEPTIDE1{[c1cc(cc(c1)O)[C@@H](C(=O)O)N]}$$$$
3348,6604009,
3349,73755171,
3350,108135,"PEPTIDE1{Y.G.G.F.L.R.(R,[dR]).I}$$$$V2.0"
3351,382975,
3352,9868491,
3353,11268660,
3354,3016,
3355,10106214,
3356,219018,
3357,155817470,PEPTIDE1{S.V.S.E.I.Q.L.M.H.N.L.G.K.H.L.N.S.M.E.R.V.E.W.L.R.K.K.L.Q.D.V.H.N.F}$$$$
3358,9882793,
3359,73755047,
3360,11438771,
3361,9868459,
3362,154699464,
3363,146675152,
3364,7048566,PEPTIDE1{L.S.A.L}$$$$
3365,9972691,
3366,18784677,
3367,5709,
3368,132990963,
3369,91273,
3370,5283081,
3371,11691484,
3372,9953769,
3373,11266452,
3374,11785732,
3375,155346,
3376,85875,
3377,9930789,
3378,56843331,
3379,752812,
3380,41550022,
3381,24743975,
3382,3081355,
3383,247704,
3384,10432715,
3385,11849514,
3386,86277840,
3387,21874557,
3388,9807431,
3389,123814,PEPTIDE1{V.Y.I.H.P.F}$$$$
3390,73755192,
3391,9849616,
3392,5311345,
3393,91827367,
3394,1183,
3395,44191096,
3396,9838729,
3397,9957278,
3398,10202564,
3399,155817419,PEPTIDE1{D.L.A.R.Y.Y.S.A.L.R.H.Y.I.N.L.I.T.R.Q.R.Y}$$$$
3400,155817467,PEPTIDE1{D.L.P.N.Y.N.W.N.S.F.G.L.R.F}$$$$
3401,132937648,
3402,129140,
3403,68051,
3404,117972004,
3405,65094,
3406,94216,
3407,3976006,
3408,5281316,
3409,118663155,
3410,122190433,
3411,133081963,
3412,168433307,
3413,5311027,
3414,46213949,
3415,5311338,
