;GNAS2-GNAL;other
old;new;new
hgh4.09;hgh4.09;H4.01
hgh4.10;hgh4.10;H4.02
H4.01;hgh4.11;H4.03
H4.02;hgh4.12;H4.04
H4.03;hgh4.13;H4.05
H4.04;hgh4.14;H4.06
H4.05;hgh4.15;H4.07
H4.06;hgh4.16;H4.08
H4.07;hgh4.17;H4.09
H4.08;hgh4.18;
H4.09;hgh4.19;
H4.10;hgh4.20;
H4.11;hgh4.21;
H4.12;H4.01;
H4.13;H4.02;
H4.14;H4.03;
H4.15;H4.04;
H4.16;H4.05;
H4.17;H4.06;
H4.18;H4.07;
H4.19;H4.08;
H4.20;H4.10;H4.10
H4.21;H4.11;H4.11
H4.22;H4.12;H4.12
H4.23;H4.13;H4.13
H4.24;H4.14;H4.14
H4.25;H4.15;H4.15
H4.26;H4.16;H4.16
H4.27;H4.17;H4.17
